Root, R, G, B, mean R, mean G, mean B, sd R, sd G, sd B, Mult, NOTES: Records all roots in first image only.
0, 122, 124, 120, 255.00, 255.00, 255.00, 50.00, 50.00, 50.00
0, 121, 125, 120, 255.00, 255.00, 255.00, 50.00, 50.00, 50.00
0, 122, 125, 121, 255.00, 255.00, 255.00, 50.00, 50.00, 50.00
0, 121, 122, 122, 255.00, 255.00, 255.00, 50.00, 50.00, 50.00
0, 123, 126, 125, 255.00, 255.00, 255.00, 50.00, 50.00, 50.00
0, 119, 122, 122, 121.33, 124.00, 121.67, 1.37, 1.67, 1.86
0, 118, 123, 120, 120.86, 123.86, 121.43, 1.77, 1.57, 1.81
0, 119, 123, 121, 120.62, 123.75, 121.38, 1.77, 1.49, 1.69
0, 115, 119, 116, 120.00, 123.22, 120.78, 2.50, 2.11, 2.39
0, 116, 120, 117, 119.60, 122.90, 120.40, 2.67, 2.23, 2.55
0, 119, 122, 119, 119.55, 122.82, 120.27, 2.54, 2.14, 2.45
0, 123, 125, 120, 119.83, 123.00, 120.25, 2.62, 2.13, 2.34
0, 127, 129, 121, 120.38, 123.46, 120.31, 3.20, 2.63, 2.25
0, 130, 131, 122, 121.07, 124.00, 120.43, 4.01, 3.23, 2.21
0, 132, 132, 124, 121.80, 124.53, 120.67, 4.78, 3.74, 2.32
0, 134, 134, 124, 122.56, 125.12, 120.88, 5.54, 4.32, 2.39
0, 132, 132, 124, 123.12, 125.53, 121.06, 5.83, 4.50, 2.44
0, 130, 130, 123, 123.50, 125.78, 121.17, 5.88, 4.49, 2.41
0, 130, 129, 123, 123.84, 125.95, 121.26, 5.91, 4.43, 2.38
0, 131, 131, 125, 124.20, 126.20, 121.45, 5.97, 4.46, 2.46
0, 133, 134, 127, 124.62, 126.57, 121.71, 6.13, 4.66, 2.69
0, 133, 134, 126, 125.00, 126.91, 121.91, 6.24, 4.82, 2.78
0, 132, 132, 126, 125.30, 127.13, 122.09, 6.27, 4.83, 2.84
0, 132, 132, 125, 125.58, 127.33, 122.21, 6.28, 4.82, 2.84
0, 133, 133, 125, 125.88, 127.56, 122.32, 6.33, 4.86, 2.84
0, 131, 129, 124, 126.08, 127.62, 122.38, 6.28, 4.77, 2.80
0, 131, 130, 126, 126.26, 127.70, 122.52, 6.23, 4.70, 2.83
0, 129, 130, 128, 126.36, 127.79, 122.71, 6.14, 4.63, 2.97
0, 124, 128, 126, 126.28, 127.79, 122.83, 6.04, 4.55, 2.98
0, 119, 122, 123, 126.03, 127.60, 122.83, 6.08, 4.59, 2.93
0, 119, 123, 123, 125.81, 127.45, 122.84, 6.11, 4.59, 2.88
0, 118, 123, 122, 125.56, 127.31, 122.81, 6.17, 4.58, 2.83
0, 115, 121, 119, 125.24, 127.12, 122.70, 6.34, 4.64, 2.87
0, 112, 116, 115, 124.85, 126.79, 122.47, 6.65, 4.95, 3.12
0, 110, 115, 113, 124.43, 126.46, 122.20, 7.01, 5.27, 3.46
0, 112, 118, 117, 124.08, 126.22, 122.06, 7.22, 5.38, 3.52
0, 112, 118, 119, 123.76, 126.00, 121.97, 7.39, 5.48, 3.51
0, 109, 114, 116, 123.37, 125.68, 121.82, 7.67, 5.74, 3.59
0, 105, 110, 113, 122.90, 125.28, 121.59, 8.12, 6.20, 3.82
0, 106, 112, 114, 122.47, 124.95, 121.40, 8.45, 6.47, 3.95
0, 106, 113, 115, 122.07, 124.66, 121.24, 8.73, 6.65, 4.03
0, 105, 113, 114, 121.67, 124.38, 121.07, 9.02, 6.81, 4.13
0, 102, 111, 113, 121.21, 124.07, 120.88, 9.40, 7.04, 4.27
0, 99, 106, 111, 120.70, 123.66, 120.66, 9.87, 7.47, 4.47
0, 98, 106, 111, 120.20, 123.27, 120.44, 10.33, 7.84, 4.65
0, 100, 108, 112, 119.76, 122.93, 120.26, 10.64, 8.07, 4.76
0, 103, 110, 114, 119.40, 122.66, 120.13, 10.81, 8.20, 4.80
0, 107, 113, 116, 119.15, 122.46, 120.04, 10.84, 8.23, 4.78
0, 112, 118, 120, 119.00, 122.37, 120.04, 10.77, 8.17, 4.73
0, 117, 122, 123, 118.96, 122.36, 120.10, 10.67, 8.09, 4.70
0, 120, 125, 124, 118.98, 122.41, 120.18, 10.56, 8.02, 4.69
0, 125, 128, 129, 119.10, 122.52, 120.35, 10.49, 7.97, 4.80
0, 127, 129, 131, 119.25, 122.64, 120.55, 10.45, 7.95, 4.98
0, 123, 125, 129, 119.31, 122.69, 120.70, 10.36, 7.88, 5.06
0, 119, 125, 126, 119.31, 122.73, 120.80, 10.26, 7.81, 5.06
0, 117, 122, 125, 119.27, 122.71, 120.88, 10.17, 7.74, 5.05
0, 115, 121, 124, 119.19, 122.68, 120.93, 10.10, 7.67, 5.02
0, 115, 122, 124, 119.12, 122.67, 120.98, 10.02, 7.61, 4.99
0, 115, 122, 124, 119.05, 122.66, 121.03, 9.95, 7.54, 4.97
0, 113, 121, 122, 118.95, 122.63, 121.05, 9.90, 7.48, 4.92
0, 110, 118, 118, 118.80, 122.56, 121.00, 9.88, 7.44, 4.90
0, 108, 115, 115, 118.63, 122.44, 120.90, 9.90, 7.44, 4.92
0, 108, 114, 114, 118.46, 122.30, 120.79, 9.91, 7.46, 4.96
0, 109, 116, 117, 118.31, 122.20, 120.73, 9.90, 7.44, 4.94
0, 108, 116, 118, 118.15, 122.11, 120.69, 9.90, 7.42, 4.91
0, 104, 113, 115, 117.94, 121.97, 120.61, 9.98, 7.45, 4.92
0, 99, 109, 112, 117.66, 121.78, 120.48, 10.17, 7.56, 5.00
0, 98, 108, 113, 117.37, 121.57, 120.37, 10.37, 7.69, 5.04
0, 98, 106, 115, 117.09, 121.35, 120.29, 10.56, 7.86, 5.05
0, 101, 108, 118, 116.86, 121.16, 120.26, 10.66, 7.96, 5.02
0, 102, 110, 120, 116.65, 121.00, 120.25, 10.73, 8.02, 4.98
0, 102, 109, 118, 116.44, 120.83, 120.22, 10.79, 8.08, 4.95
0, 101, 108, 114, 116.23, 120.66, 120.14, 10.86, 8.17, 4.97
0, 99, 106, 110, 116.00, 120.46, 120.00, 10.97, 8.29, 5.08
0, 97, 105, 108, 115.75, 120.25, 119.84, 11.12, 8.42, 5.23
0, 97, 104, 108, 115.50, 120.04, 119.68, 11.25, 8.57, 5.37
0, 97, 106, 109, 115.26, 119.86, 119.55, 11.37, 8.66, 5.47
0, 100, 108, 111, 115.06, 119.71, 119.44, 11.43, 8.71, 5.52
0, 102, 110, 112, 114.90, 119.58, 119.34, 11.45, 8.72, 5.55
0, 104, 111, 114, 114.76, 119.47, 119.28, 11.45, 8.72, 5.55
0, 106, 113, 114, 114.65, 119.40, 119.21, 11.42, 8.70, 5.54
0, 107, 114, 115, 114.56, 119.33, 119.16, 11.38, 8.66, 5.53
0, 103, 111, 112, 114.42, 119.23, 119.07, 11.38, 8.66, 5.55
0, 100, 108, 109, 114.25, 119.10, 118.95, 11.42, 8.69, 5.62
0, 99, 108, 111, 114.07, 118.96, 118.86, 11.47, 8.73, 5.66
0, 101, 109, 112, 113.92, 118.85, 118.78, 11.49, 8.74, 5.67
0, 106, 113, 115, 113.83, 118.78, 118.74, 11.45, 8.71, 5.65
0, 111, 116, 119, 113.80, 118.75, 118.74, 11.39, 8.67, 5.62
0, 115, 120, 122, 113.81, 118.76, 118.78, 11.33, 8.62, 5.60
0, 116, 122, 124, 113.83, 118.80, 118.83, 11.27, 8.58, 5.60
0, 113, 119, 124, 113.82, 118.80, 118.89, 11.20, 8.53, 5.59
0, 107, 114, 120, 113.75, 118.75, 118.90, 11.16, 8.50, 5.56
0, 102, 110, 117, 113.62, 118.66, 118.88, 11.17, 8.50, 5.53
0, 100, 108, 116, 113.48, 118.54, 118.85, 11.20, 8.52, 5.51
0, 102, 110, 117, 113.36, 118.45, 118.83, 11.20, 8.52, 5.49
0, 102, 109, 117, 113.24, 118.35, 118.81, 11.20, 8.53, 5.46
0, 100, 106, 113, 113.10, 118.23, 118.75, 11.22, 8.58, 5.46
0, 97, 103, 110, 112.94, 118.07, 118.66, 11.28, 8.67, 5.51
0, 98, 104, 110, 112.79, 117.93, 118.58, 11.33, 8.74, 5.55
0, 102, 107, 112, 112.68, 117.82, 118.51, 11.32, 8.77, 5.56
0, 107, 111, 115, 112.62, 117.75, 118.48, 11.28, 8.75, 5.54
0, 112, 115, 119, 112.62, 117.73, 118.48, 11.22, 8.71, 5.51
0, 114, 117, 121, 112.63, 117.72, 118.50, 11.17, 8.67, 5.49
0, 112, 115, 120, 112.62, 117.69, 118.52, 11.11, 8.63, 5.47
0, 107, 111, 117, 112.57, 117.63, 118.50, 11.07, 8.61, 5.44
0, 103, 109, 115, 112.48, 117.55, 118.47, 11.06, 8.61, 5.43
0, 100, 107, 113, 112.36, 117.45, 118.42, 11.07, 8.63, 5.43
0, 98, 105, 110, 112.23, 117.33, 118.34, 11.11, 8.68, 5.46
0, 96, 104, 108, 112.08, 117.21, 118.25, 11.16, 8.73, 5.53
0, 97, 105, 109, 111.95, 117.10, 118.16, 11.21, 8.77, 5.57
0, 100, 109, 112, 111.84, 117.03, 118.11, 11.21, 8.76, 5.58
0, 102, 112, 115, 111.75, 116.98, 118.08, 11.20, 8.74, 5.56
0, 103, 113, 115, 111.67, 116.95, 118.05, 11.18, 8.70, 5.54
0, 103, 114, 116, 111.60, 116.92, 118.04, 11.16, 8.67, 5.52
0, 102, 113, 115, 111.51, 116.89, 118.01, 11.15, 8.64, 5.51
0, 98, 107, 112, 111.40, 116.80, 117.96, 11.17, 8.65, 5.51
0, 98, 106, 112, 111.28, 116.71, 117.91, 11.19, 8.67, 5.51
0, 100, 108, 113, 111.19, 116.64, 117.86, 11.19, 8.67, 5.51
0, 102, 110, 114, 111.11, 116.58, 117.83, 11.17, 8.66, 5.50
0, 102, 110, 113, 111.03, 116.53, 117.79, 11.16, 8.64, 5.49
0, 100, 108, 111, 110.94, 116.45, 117.74, 11.16, 8.64, 5.50
0, 100, 108, 112, 110.85, 116.39, 117.69, 11.16, 8.64, 5.50
0, 101, 109, 115, 110.77, 116.33, 117.67, 11.14, 8.63, 5.49
0, 103, 110, 118, 110.71, 116.27, 117.67, 11.12, 8.61, 5.46
0, 104, 111, 120, 110.66, 116.23, 117.69, 11.09, 8.59, 5.45
0, 103, 110, 120, 110.60, 116.18, 117.71, 11.07, 8.57, 5.43
0, 101, 106, 117, 110.52, 116.10, 117.70, 11.06, 8.59, 5.41
0, 100, 105, 114, 110.44, 116.02, 117.67, 11.05, 8.61, 5.40
0, 99, 104, 114, 110.35, 115.92, 117.64, 11.06, 8.64, 5.38
0, 99, 105, 113, 110.26, 115.84, 117.61, 11.06, 8.66, 5.38
0, 98, 105, 113, 110.17, 115.76, 117.57, 11.07, 8.68, 5.37
0, 98, 106, 114, 110.08, 115.68, 117.55, 11.08, 8.69, 5.36
0, 99, 107, 115, 109.99, 115.62, 117.53, 11.08, 8.69, 5.35
0, 100, 109, 116, 109.92, 115.57, 117.51, 11.07, 8.67, 5.33
0, 103, 112, 117, 109.87, 115.54, 117.51, 11.04, 8.65, 5.31
0, 104, 110, 116, 109.82, 115.50, 117.50, 11.01, 8.63, 5.29
0, 103, 111, 115, 109.77, 115.47, 117.48, 10.99, 8.60, 5.27
0, 102, 110, 113, 109.72, 115.43, 117.45, 10.97, 8.58, 5.27
0, 101, 111, 114, 109.65, 115.40, 117.42, 10.95, 8.56, 5.26
0, 101, 110, 115, 109.59, 115.36, 117.41, 10.94, 8.54, 5.24
0, 105, 113, 118, 109.56, 115.34, 117.41, 10.91, 8.51, 5.23
0, 107, 114, 120, 109.54, 115.33, 117.43, 10.87, 8.49, 5.21
0, 106, 114, 119, 109.52, 115.32, 117.44, 10.83, 8.46, 5.19
0, 104, 111, 117, 109.48, 115.29, 117.44, 10.81, 8.43, 5.18
0, 103, 111, 116, 109.43, 115.26, 117.43, 10.78, 8.41, 5.16
0, 105, 112, 117, 109.40, 115.24, 117.42, 10.75, 8.39, 5.14
0, 105, 112, 117, 109.37, 115.22, 117.42, 10.72, 8.36, 5.12
0, 104, 112, 118, 109.34, 115.20, 117.43, 10.69, 8.34, 5.11
0, 104, 112, 119, 109.30, 115.17, 117.44, 10.67, 8.31, 5.09
0, 104, 111, 119, 109.27, 115.15, 117.45, 10.64, 8.29, 5.08
0, 104, 111, 118, 109.23, 115.12, 117.45, 10.61, 8.27, 5.06
0, 105, 112, 118, 109.20, 115.10, 117.45, 10.58, 8.25, 5.04
0, 105, 112, 117, 109.18, 115.08, 117.45, 10.55, 8.23, 5.03
0, 105, 113, 116, 109.15, 115.06, 117.44, 10.52, 8.20, 5.01
0, 107, 114, 116, 109.14, 115.06, 117.43, 10.49, 8.17, 5.00
0, 112, 117, 119, 109.15, 115.07, 117.44, 10.46, 8.15, 4.98
0, 117, 121, 123, 109.20, 115.11, 117.48, 10.45, 8.14, 4.99
0, 117, 120, 123, 109.25, 115.14, 117.51, 10.43, 8.12, 4.99
0, 110, 115, 119, 109.26, 115.14, 117.52, 10.40, 8.09, 4.97
0, 105, 113, 116, 109.23, 115.12, 117.51, 10.37, 8.07, 4.96
0, 102, 113, 115, 109.19, 115.11, 117.50, 10.35, 8.05, 4.95
0, 101, 113, 115, 109.14, 115.10, 117.48, 10.34, 8.02, 4.94
0, 101, 113, 116, 109.09, 115.09, 117.47, 10.33, 8.00, 4.92
0, 101, 112, 116, 109.04, 115.07, 117.46, 10.32, 7.98, 4.91
0, 100, 110, 116, 108.98, 115.04, 117.45, 10.31, 7.97, 4.90
0, 99, 109, 115, 108.92, 115.00, 117.44, 10.31, 7.96, 4.88
0, 98, 107, 114, 108.86, 114.95, 117.42, 10.31, 7.96, 4.88
0, 96, 105, 112, 108.78, 114.89, 117.39, 10.33, 7.97, 4.88
0, 95, 103, 110, 108.70, 114.82, 117.34, 10.35, 8.00, 4.90
0, 95, 102, 108, 108.62, 114.75, 117.29, 10.37, 8.03, 4.94
0, 97, 103, 107, 108.55, 114.68, 117.23, 10.38, 8.06, 4.98
0, 97, 104, 108, 108.48, 114.62, 117.17, 10.39, 8.08, 5.02
0, 96, 104, 108, 108.41, 114.55, 117.12, 10.40, 8.09, 5.05
0, 93, 101, 107, 108.32, 114.48, 117.06, 10.44, 8.14, 5.10
0, 92, 101, 108, 108.23, 114.40, 117.01, 10.48, 8.18, 5.13
0, 97, 105, 111, 108.16, 114.35, 116.98, 10.48, 8.18, 5.13
0, 104, 112, 116, 108.14, 114.33, 116.97, 10.46, 8.16, 5.12
0, 109, 116, 117, 108.15, 114.34, 116.97, 10.43, 8.14, 5.11
0, 109, 117, 116, 108.15, 114.36, 116.97, 10.40, 8.12, 5.09
0, 108, 116, 115, 108.15, 114.37, 116.96, 10.37, 8.10, 5.08
0, 110, 116, 117, 108.16, 114.38, 116.96, 10.34, 8.08, 5.06
0, 111, 117, 119, 108.18, 114.39, 116.97, 10.32, 8.06, 5.05
0, 112, 119, 120, 108.20, 114.42, 116.98, 10.29, 8.04, 5.04
0, 113, 119, 120, 108.22, 114.44, 117.00, 10.27, 8.03, 5.04
0, 110, 117, 118, 108.23, 114.45, 117.01, 10.24, 8.01, 5.02
0, 104, 112, 114, 108.21, 114.44, 116.99, 10.22, 7.99, 5.01
0, 99, 107, 111, 108.16, 114.40, 116.96, 10.21, 7.98, 5.02
0, 97, 105, 111, 108.10, 114.35, 116.93, 10.22, 7.99, 5.02
0, 98, 105, 112, 108.05, 114.30, 116.90, 10.22, 8.00, 5.02
0, 100, 108, 114, 108.01, 114.27, 116.88, 10.21, 7.99, 5.02
0, 104, 111, 116, 107.98, 114.25, 116.88, 10.19, 7.97, 5.00
0, 105, 113, 118, 107.97, 114.24, 116.89, 10.16, 7.95, 4.99
0, 105, 112, 117, 107.95, 114.23, 116.89, 10.14, 7.94, 4.98
0, 102, 109, 115, 107.92, 114.21, 116.88, 10.12, 7.92, 4.97
0, 99, 106, 114, 107.88, 114.16, 116.86, 10.11, 7.93, 4.96
0, 99, 106, 115, 107.83, 114.12, 116.85, 10.11, 7.93, 4.95
0, 100, 107, 116, 107.79, 114.09, 116.85, 10.10, 7.92, 4.93
0, 101, 109, 118, 107.76, 114.06, 116.85, 10.08, 7.91, 4.92
0, 102, 110, 117, 107.73, 114.04, 116.85, 10.07, 7.90, 4.91
0, 100, 108, 114, 107.69, 114.01, 116.84, 10.06, 7.89, 4.90
0, 100, 108, 112, 107.65, 113.98, 116.82, 10.05, 7.88, 4.90
0, 104, 112, 115, 107.63, 113.97, 116.81, 10.02, 7.86, 4.89
0, 109, 116, 120, 107.64, 113.98, 116.82, 10.00, 7.84, 4.88
0, 110, 116, 122, 107.65, 113.99, 116.85, 9.98, 7.82, 4.89
0, 110, 115, 121, 107.66, 114.00, 116.87, 9.95, 7.81, 4.88
0, 110, 116, 121, 107.67, 114.00, 116.89, 9.93, 7.79, 4.88
0, 110, 115, 118, 107.69, 114.01, 116.89, 9.91, 7.77, 4.87
0, 107, 113, 116, 107.68, 114.00, 116.89, 9.88, 7.75, 4.86
0, 103, 112, 115, 107.66, 114.00, 116.88, 9.86, 7.73, 4.85
0, 101, 110, 116, 107.63, 113.98, 116.88, 9.85, 7.72, 4.83
0, 98, 108, 116, 107.58, 113.95, 116.87, 9.85, 7.71, 4.82
0, 96, 106, 115, 107.53, 113.91, 116.86, 9.86, 7.71, 4.81
0, 96, 105, 114, 107.47, 113.87, 116.85, 9.87, 7.72, 4.81
0, 96, 105, 113, 107.42, 113.83, 116.83, 9.88, 7.72, 4.80
0, 96, 104, 113, 107.37, 113.78, 116.81, 9.88, 7.74, 4.80
0, 97, 104, 112, 107.32, 113.74, 116.79, 9.89, 7.75, 4.80
0, 98, 107, 112, 107.28, 113.71, 116.77, 9.88, 7.74, 4.80
0, 99, 107, 111, 107.24, 113.67, 116.74, 9.88, 7.74, 4.80
0, 101, 108, 111, 107.21, 113.65, 116.72, 9.86, 7.73, 4.81
0, 105, 111, 114, 107.20, 113.64, 116.70, 9.84, 7.71, 4.80
0, 111, 117, 117, 107.22, 113.65, 116.71, 9.82, 7.70, 4.79
0, 110, 115, 117, 107.23, 113.66, 116.71, 9.80, 7.68, 4.78
0, 109, 114, 116, 107.24, 113.66, 116.70, 9.78, 7.67, 4.77
0, 105, 111, 113, 107.23, 113.65, 116.69, 9.76, 7.65, 4.76
0, 102, 108, 111, 107.20, 113.62, 116.66, 9.74, 7.64, 4.77
0, 101, 107, 110, 107.18, 113.59, 116.63, 9.73, 7.64, 4.78
0, 102, 108, 111, 107.15, 113.57, 116.61, 9.72, 7.63, 4.78
0, 101, 108, 112, 107.13, 113.54, 116.59, 9.70, 7.62, 4.78
0, 96, 104, 110, 107.08, 113.50, 116.56, 9.71, 7.63, 4.79
0, 96, 104, 111, 107.03, 113.46, 116.53, 9.72, 7.64, 4.79
0, 98, 107, 112, 106.99, 113.43, 116.52, 9.71, 7.64, 4.79
0, 100, 108, 112, 106.96, 113.41, 116.50, 9.70, 7.63, 4.79
0, 101, 107, 110, 106.94, 113.38, 116.47, 9.69, 7.62, 4.80
0, 108, 114, 116, 106.94, 113.38, 116.47, 9.67, 7.61, 4.79
0, 110, 117, 119, 106.95, 113.40, 116.48, 9.65, 7.59, 4.78
0, 104, 112, 114, 106.94, 113.39, 116.47, 9.63, 7.58, 4.78
0, 101, 108, 113, 106.92, 113.37, 116.45, 9.62, 7.57, 4.77
0, 100, 108, 114, 106.89, 113.35, 116.44, 9.61, 7.56, 4.76
0, 98, 106, 112, 106.85, 113.32, 116.42, 9.61, 7.56, 4.76
0, 97, 106, 110, 106.81, 113.29, 116.40, 9.61, 7.56, 4.77
0, 97, 106, 108, 106.77, 113.26, 116.36, 9.61, 7.56, 4.79
0, 98, 106, 106, 106.73, 113.23, 116.32, 9.60, 7.56, 4.83
0, 97, 106, 106, 106.69, 113.20, 116.28, 9.60, 7.56, 4.86
0, 98, 106, 107, 106.66, 113.17, 116.24, 9.60, 7.56, 4.89
0, 98, 106, 108, 106.62, 113.14, 116.20, 9.60, 7.55, 4.91
0, 98, 107, 111, 106.59, 113.11, 116.18, 9.59, 7.55, 4.91
0, 99, 108, 114, 106.55, 113.09, 116.17, 9.59, 7.54, 4.90
0, 101, 108, 115, 106.53, 113.07, 116.17, 9.57, 7.53, 4.89
0, 101, 108, 113, 106.51, 113.05, 116.16, 9.56, 7.52, 4.88
0, 100, 107, 111, 106.48, 113.03, 116.14, 9.55, 7.52, 4.89
0, 99, 107, 109, 106.45, 113.00, 116.11, 9.54, 7.51, 4.90
0, 99, 108, 110, 106.42, 112.98, 116.08, 9.53, 7.50, 4.90
0, 100, 110, 111, 106.40, 112.97, 116.06, 9.52, 7.49, 4.90
0, 99, 109, 110, 106.37, 112.96, 116.04, 9.52, 7.48, 4.91
0, 97, 106, 108, 106.33, 112.93, 116.01, 9.52, 7.48, 4.92
0, 95, 104, 106, 106.29, 112.89, 115.97, 9.52, 7.48, 4.95
0, 94, 102, 106, 106.24, 112.85, 115.93, 9.54, 7.50, 4.98
0, 97, 105, 108, 106.21, 112.82, 115.90, 9.54, 7.50, 5.00
0, 99, 107, 110, 106.18, 112.80, 115.88, 9.53, 7.50, 5.00
0, 101, 108, 111, 106.16, 112.78, 115.86, 9.51, 7.49, 5.00
0, 104, 110, 112, 106.15, 112.77, 115.84, 9.50, 7.48, 5.00
0, 108, 113, 115, 106.16, 112.77, 115.84, 9.48, 7.46, 4.99
0, 112, 116, 118, 106.18, 112.78, 115.85, 9.47, 7.45, 4.98
0, 114, 119, 120, 106.21, 112.81, 115.86, 9.46, 7.45, 4.98
0, 110, 117, 117, 106.22, 112.82, 115.87, 9.45, 7.44, 4.97
0, 101, 110, 111, 106.20, 112.81, 115.85, 9.43, 7.42, 4.97
0, 92, 104, 106, 106.15, 112.78, 115.81, 9.46, 7.43, 4.99
0, 89, 100, 106, 106.09, 112.73, 115.78, 9.50, 7.46, 5.02
0, 89, 99, 107, 106.02, 112.68, 115.74, 9.54, 7.49, 5.04
0, 90, 100, 108, 105.96, 112.63, 115.71, 9.57, 7.52, 5.05
0, 91, 100, 107, 105.91, 112.59, 115.68, 9.59, 7.54, 5.07
0, 90, 99, 106, 105.85, 112.54, 115.65, 9.62, 7.57, 5.10
0, 90, 99, 104, 105.79, 112.49, 115.60, 9.65, 7.60, 5.14
0, 90, 100, 105, 105.73, 112.44, 115.57, 9.68, 7.63, 5.17
0, 93, 104, 108, 105.69, 112.41, 115.54, 9.70, 7.63, 5.18
0, 98, 109, 115, 105.66, 112.40, 115.54, 9.69, 7.62, 5.17
0, 101, 112, 117, 105.64, 112.40, 115.54, 9.68, 7.60, 5.16
0, 100, 111, 117, 105.62, 112.39, 115.55, 9.67, 7.59, 5.15
0, 100, 111, 116, 105.60, 112.39, 115.55, 9.65, 7.58, 5.14
0, 99, 110, 114, 105.58, 112.38, 115.54, 9.64, 7.56, 5.13
0, 99, 109, 113, 105.56, 112.37, 115.53, 9.64, 7.55, 5.13
0, 100, 110, 112, 105.54, 112.36, 115.52, 9.62, 7.54, 5.12
0, 99, 109, 111, 105.51, 112.35, 115.51, 9.61, 7.53, 5.12
0, 98, 108, 109, 105.49, 112.33, 115.48, 9.61, 7.52, 5.12
0, 97, 107, 107, 105.46, 112.31, 115.45, 9.60, 7.52, 5.14
0, 99, 108, 109, 105.43, 112.30, 115.43, 9.59, 7.51, 5.14
0, 101, 110, 110, 105.42, 112.29, 115.41, 9.58, 7.49, 5.15
0, 101, 109, 110, 105.40, 112.28, 115.39, 9.57, 7.48, 5.15
0, 99, 106, 108, 105.38, 112.26, 115.37, 9.56, 7.48, 5.16
0, 96, 102, 107, 105.35, 112.22, 115.34, 9.56, 7.49, 5.17
0, 94, 100, 106, 105.31, 112.18, 115.31, 9.57, 7.51, 5.19
0, 94, 100, 106, 105.27, 112.14, 115.27, 9.57, 7.53, 5.21
0, 96, 103, 107, 105.24, 112.11, 115.25, 9.57, 7.54, 5.22
0, 100, 105, 109, 105.22, 112.08, 115.22, 9.56, 7.54, 5.23
0, 104, 105, 110, 105.22, 112.06, 115.21, 9.54, 7.54, 5.23
0, 107, 108, 113, 105.22, 112.04, 115.20, 9.53, 7.53, 5.22
0, 106, 107, 112, 105.23, 112.03, 115.19, 9.51, 7.52, 5.21
0, 102, 106, 110, 105.21, 112.01, 115.17, 9.50, 7.52, 5.21
0, 99, 105, 110, 105.19, 111.98, 115.15, 9.49, 7.51, 5.21
0, 96, 104, 109, 105.16, 111.96, 115.13, 9.49, 7.52, 5.22
0, 94, 101, 108, 105.13, 111.92, 115.11, 9.49, 7.53, 5.23
0, 92, 100, 108, 105.08, 111.88, 115.09, 9.51, 7.55, 5.23
0, 90, 99, 107, 105.03, 111.84, 115.06, 9.53, 7.57, 5.24
0, 89, 98, 106, 104.98, 111.79, 115.03, 9.56, 7.60, 5.26
0, 90, 98, 107, 104.93, 111.75, 115.00, 9.58, 7.63, 5.27
0, 93, 102, 110, 104.89, 111.72, 114.99, 9.59, 7.64, 5.27
0, 97, 105, 114, 104.87, 111.69, 114.98, 9.59, 7.63, 5.26
0, 99, 106, 115, 104.85, 111.68, 114.98, 9.58, 7.63, 5.26
0, 101, 109, 115, 104.83, 111.67, 114.98, 9.56, 7.62, 5.25
0, 106, 113, 116, 104.84, 111.67, 114.99, 9.55, 7.61, 5.24
0, 108, 115, 114, 104.85, 111.68, 114.98, 9.53, 7.60, 5.23
0, 105, 111, 111, 104.85, 111.68, 114.97, 9.52, 7.58, 5.23
0, 104, 109, 112, 104.85, 111.67, 114.96, 9.50, 7.57, 5.22
0, 102, 108, 111, 104.84, 111.66, 114.95, 9.49, 7.56, 5.22
0, 103, 109, 113, 104.83, 111.65, 114.94, 9.48, 7.55, 5.21
0, 104, 110, 115, 104.83, 111.65, 114.94, 9.46, 7.54, 5.20
0, 107, 111, 117, 104.84, 111.64, 114.95, 9.45, 7.53, 5.20
0, 110, 115, 119, 104.85, 111.65, 114.96, 9.44, 7.52, 5.19
0, 113, 118, 122, 104.88, 111.67, 114.98, 9.43, 7.52, 5.20
0, 116, 120, 123, 104.91, 111.70, 115.01, 9.44, 7.52, 5.21
0, 117, 121, 125, 104.95, 111.73, 115.04, 9.45, 7.53, 5.23
0, 112, 117, 119, 104.97, 111.75, 115.05, 9.44, 7.52, 5.23
0, 110, 114, 117, 104.99, 111.75, 115.06, 9.43, 7.51, 5.22
0, 103, 109, 113, 104.98, 111.74, 115.05, 9.42, 7.50, 5.21
0, 99, 108, 111, 104.96, 111.73, 115.04, 9.41, 7.49, 5.21
0, 92, 102, 107, 104.92, 111.70, 115.02, 9.42, 7.50, 5.22
0, 88, 99, 106, 104.87, 111.66, 114.99, 9.45, 7.52, 5.24
0, 87, 98, 106, 104.82, 111.62, 114.96, 9.49, 7.55, 5.25
0, 89, 99, 108, 104.77, 111.58, 114.94, 9.51, 7.57, 5.26
0, 93, 102, 112, 104.73, 111.55, 114.93, 9.52, 7.57, 5.25
0, 98, 105, 116, 104.71, 111.53, 114.93, 9.52, 7.57, 5.25
0, 101, 107, 116, 104.70, 111.52, 114.94, 9.50, 7.56, 5.24
0, 107, 112, 119, 104.71, 111.52, 114.95, 9.49, 7.55, 5.24
0, 122, 127, 131, 104.76, 111.57, 115.00, 9.52, 7.59, 5.30
0, 127, 132, 135, 104.83, 111.63, 115.06, 9.59, 7.66, 5.40
0, 106, 112, 116, 104.83, 111.63, 115.06, 9.57, 7.65, 5.40
0, 76, 83, 91, 104.74, 111.55, 114.99, 9.69, 7.79, 5.55
0, 64, 74, 84, 104.62, 111.43, 114.90, 9.92, 8.05, 5.79
1, 114, 120, 114, 255.00, 255.00, 255.00, 50.00, 50.00, 50.00
1, 114, 118, 116, 255.00, 255.00, 255.00, 50.00, 50.00, 50.00
1, 116, 119, 118, 255.00, 255.00, 255.00, 50.00, 50.00, 50.00
1, 115, 118, 116, 255.00, 255.00, 255.00, 50.00, 50.00, 50.00
1, 113, 117, 115, 255.00, 255.00, 255.00, 50.00, 50.00, 50.00
1, 112, 116, 115, 114.00, 118.00, 115.67, 1.41, 1.41, 1.37
1, 113, 119, 116, 113.86, 118.14, 115.71, 1.35, 1.35, 1.25
1, 114, 119, 116, 113.88, 118.25, 115.75, 1.25, 1.28, 1.16
1, 117, 121, 117, 114.22, 118.56, 115.89, 1.56, 1.51, 1.17
1, 119, 122, 120, 114.70, 118.90, 116.30, 2.11, 1.79, 1.70
1, 123, 124, 124, 115.45, 119.36, 117.00, 3.21, 2.29, 2.83
1, 126, 128, 127, 116.33, 120.08, 117.83, 4.31, 3.32, 3.95
1, 129, 129, 129, 117.31, 120.77, 118.69, 5.42, 4.02, 4.89
1, 129, 129, 128, 118.14, 121.36, 119.36, 6.07, 4.45, 5.31
1, 128, 129, 126, 118.80, 121.87, 119.80, 6.38, 4.72, 5.40
1, 130, 130, 125, 119.50, 122.38, 120.12, 6.77, 4.99, 5.38
1, 130, 133, 122, 120.12, 123.00, 120.24, 7.03, 5.48, 5.23
1, 129, 131, 119, 120.61, 123.44, 120.17, 7.14, 5.64, 5.08
1, 128, 131, 117, 121.00, 123.84, 120.00, 7.14, 5.75, 4.99
1, 129, 132, 119, 121.40, 124.25, 119.95, 7.18, 5.88, 4.86
1, 131, 133, 123, 121.86, 124.67, 120.10, 7.30, 6.04, 4.78
1, 134, 137, 127, 122.41, 125.23, 120.41, 7.58, 6.46, 4.90
1, 135, 139, 126, 122.96, 125.83, 120.65, 7.86, 6.93, 4.92
1, 137, 140, 126, 123.54, 126.42, 120.88, 8.20, 7.37, 4.94
1, 135, 138, 124, 124.00, 126.88, 121.00, 8.35, 7.58, 4.87
1, 133, 138, 124, 124.35, 127.31, 121.12, 8.37, 7.74, 4.81
1, 135, 139, 128, 124.74, 127.74, 121.37, 8.46, 7.92, 4.90
1, 133, 137, 129, 125.04, 128.07, 121.64, 8.45, 7.96, 5.02
1, 129, 132, 126, 125.17, 128.21, 121.79, 8.33, 7.85, 5.00
1, 127, 130, 125, 125.23, 128.27, 121.90, 8.19, 7.72, 4.94
1, 127, 130, 125, 125.29, 128.32, 122.00, 8.06, 7.60, 4.89
1, 127, 130, 124, 125.34, 128.38, 122.06, 7.93, 7.48, 4.83
1, 126, 128, 121, 125.36, 128.36, 122.03, 7.81, 7.36, 4.75
1, 123, 126, 116, 125.29, 128.29, 121.85, 7.70, 7.26, 4.79
1, 124, 126, 117, 125.26, 128.23, 121.71, 7.59, 7.17, 4.79
1, 123, 125, 117, 125.19, 128.14, 121.58, 7.49, 7.08, 4.79
1, 121, 124, 118, 125.08, 128.03, 121.49, 7.42, 7.02, 4.76
1, 121, 125, 120, 124.97, 127.95, 121.45, 7.35, 6.94, 4.70
1, 123, 128, 121, 124.92, 127.95, 121.44, 7.26, 6.85, 4.64
1, 124, 129, 123, 124.90, 127.97, 121.47, 7.16, 6.76, 4.59
1, 121, 126, 121, 124.80, 127.93, 121.46, 7.10, 6.68, 4.53
1, 118, 122, 120, 124.64, 127.79, 121.43, 7.09, 6.66, 4.48
1, 115, 119, 119, 124.42, 127.58, 121.37, 7.16, 6.72, 4.44
1, 110, 115, 117, 124.09, 127.30, 121.27, 7.40, 6.91, 4.44
1, 105, 112, 115, 123.67, 126.96, 121.13, 7.85, 7.20, 4.49
1, 104, 114, 115, 123.24, 126.67, 121.00, 8.29, 7.37, 4.53
1, 105, 115, 116, 122.85, 126.43, 120.89, 8.62, 7.49, 4.54
1, 108, 116, 117, 122.54, 126.21, 120.81, 8.79, 7.56, 4.52
1, 109, 116, 116, 122.27, 126.00, 120.71, 8.91, 7.62, 4.53
1, 109, 116, 114, 122.00, 125.80, 120.58, 9.02, 7.67, 4.58
1, 109, 116, 115, 121.75, 125.61, 120.47, 9.11, 7.72, 4.60
1, 111, 117, 117, 121.54, 125.44, 120.40, 9.14, 7.73, 4.58
1, 114, 118, 118, 121.40, 125.30, 120.36, 9.11, 7.73, 4.55
1, 116, 119, 119, 121.30, 125.19, 120.33, 9.06, 7.70, 4.51
1, 117, 121, 120, 121.22, 125.11, 120.33, 8.99, 7.65, 4.47
1, 114, 119, 117, 121.09, 125.00, 120.27, 8.96, 7.63, 4.45
1, 112, 118, 115, 120.93, 124.88, 120.18, 8.96, 7.61, 4.46
1, 115, 122, 118, 120.83, 124.83, 120.14, 8.92, 7.56, 4.43
1, 119, 125, 122, 120.80, 124.83, 120.17, 8.84, 7.49, 4.40
1, 117, 123, 121, 120.73, 124.80, 120.18, 8.78, 7.43, 4.37
1, 111, 116, 116, 120.57, 124.66, 120.11, 8.80, 7.45, 4.36
1, 108, 113, 113, 120.37, 124.47, 120.00, 8.87, 7.54, 4.42
1, 107, 111, 113, 120.16, 124.25, 119.89, 8.96, 7.67, 4.47
1, 110, 112, 115, 120.00, 124.06, 119.81, 8.98, 7.76, 4.48
1, 112, 114, 116, 119.88, 123.91, 119.75, 8.96, 7.80, 4.47
1, 114, 118, 117, 119.79, 123.82, 119.71, 8.92, 7.77, 4.45
1, 119, 120, 120, 119.78, 123.76, 119.72, 8.85, 7.73, 4.41
1, 122, 124, 122, 119.81, 123.76, 119.75, 8.79, 7.67, 4.39
1, 121, 125, 122, 119.83, 123.78, 119.78, 8.73, 7.62, 4.37
1, 117, 122, 119, 119.79, 123.76, 119.77, 8.67, 7.56, 4.33
1, 116, 118, 116, 119.73, 123.68, 119.72, 8.62, 7.54, 4.33
1, 118, 120, 118, 119.71, 123.62, 119.69, 8.56, 7.50, 4.30
1, 121, 121, 120, 119.73, 123.59, 119.70, 8.50, 7.45, 4.27
1, 115, 117, 116, 119.66, 123.50, 119.65, 8.46, 7.44, 4.26
1, 111, 114, 113, 119.55, 123.37, 119.56, 8.47, 7.47, 4.30
1, 114, 118, 117, 119.47, 123.30, 119.53, 8.43, 7.45, 4.28
1, 116, 120, 119, 119.43, 123.26, 119.52, 8.39, 7.41, 4.26
1, 116, 120, 118, 119.38, 123.22, 119.50, 8.34, 7.37, 4.23
1, 115, 120, 118, 119.33, 123.18, 119.48, 8.30, 7.33, 4.21
1, 115, 120, 117, 119.28, 123.14, 119.45, 8.26, 7.29, 4.19
1, 114, 121, 116, 119.21, 123.11, 119.41, 8.23, 7.25, 4.18
1, 115, 124, 117, 119.16, 123.12, 119.38, 8.19, 7.21, 4.17
1, 115, 122, 119, 119.11, 123.11, 119.37, 8.16, 7.16, 4.14
1, 116, 123, 119, 119.07, 123.11, 119.37, 8.11, 7.12, 4.12
1, 116, 122, 119, 119.04, 123.09, 119.36, 8.07, 7.08, 4.09
1, 117, 124, 119, 119.01, 123.10, 119.36, 8.03, 7.04, 4.07
1, 119, 126, 121, 119.01, 123.14, 119.38, 7.98, 7.00, 4.05
1, 121, 128, 122, 119.03, 123.19, 119.41, 7.94, 6.98, 4.03
1, 116, 121, 117, 119.00, 123.17, 119.38, 7.90, 6.95, 4.02
1, 113, 119, 116, 118.93, 123.12, 119.34, 7.88, 6.92, 4.01
1, 111, 118, 116, 118.85, 123.07, 119.31, 7.88, 6.90, 4.00
1, 111, 119, 118, 118.76, 123.02, 119.29, 7.88, 6.88, 3.98
1, 112, 120, 120, 118.69, 122.99, 119.30, 7.87, 6.85, 3.96
1, 109, 114, 117, 118.59, 122.89, 119.28, 7.89, 6.87, 3.95
1, 109, 113, 116, 118.48, 122.79, 119.24, 7.91, 6.91, 3.94
1, 111, 115, 117, 118.41, 122.71, 119.22, 7.90, 6.92, 3.93
1, 116, 120, 120, 118.38, 122.68, 119.23, 7.87, 6.89, 3.91
1, 122, 125, 123, 118.42, 122.70, 119.27, 7.83, 6.86, 3.91
1, 125, 128, 124, 118.48, 122.76, 119.31, 7.82, 6.85, 3.92
1, 126, 128, 124, 118.56, 122.81, 119.36, 7.82, 6.83, 3.92
1, 122, 125, 121, 118.59, 122.83, 119.38, 7.79, 6.80, 3.91
1, 116, 118, 117, 118.57, 122.78, 119.35, 7.75, 6.78, 3.90
1, 111, 115, 114, 118.50, 122.71, 119.30, 7.75, 6.79, 3.91
1, 106, 111, 114, 118.38, 122.60, 119.25, 7.81, 6.86, 3.93
1, 106, 112, 114, 118.26, 122.50, 119.20, 7.87, 6.90, 3.94
1, 109, 117, 117, 118.17, 122.44, 119.18, 7.88, 6.89, 3.93
1, 113, 121, 119, 118.12, 122.43, 119.18, 7.86, 6.86, 3.91
1, 113, 119, 118, 118.07, 122.40, 119.17, 7.84, 6.83, 3.89
1, 116, 121, 120, 118.06, 122.39, 119.17, 7.80, 6.80, 3.88
1, 118, 123, 120, 118.05, 122.39, 119.18, 7.77, 6.77, 3.86
1, 121, 126, 122, 118.08, 122.42, 119.21, 7.74, 6.75, 3.85
1, 121, 125, 122, 118.11, 122.45, 119.23, 7.71, 6.72, 3.84
1, 125, 130, 126, 118.17, 122.51, 119.29, 7.70, 6.73, 3.88
1, 123, 127, 124, 118.21, 122.55, 119.33, 7.68, 6.72, 3.89
1, 127, 132, 128, 118.29, 122.63, 119.41, 7.69, 6.74, 3.95
1, 125, 130, 126, 118.34, 122.70, 119.47, 7.68, 6.75, 3.98
1, 126, 132, 126, 118.41, 122.78, 119.52, 7.68, 6.77, 4.01
1, 124, 128, 123, 118.46, 122.82, 119.55, 7.66, 6.76, 4.01
1, 123, 126, 122, 118.50, 122.85, 119.57, 7.64, 6.74, 4.00
1, 122, 127, 122, 118.53, 122.88, 119.59, 7.62, 6.72, 3.99
1, 118, 123, 120, 118.52, 122.88, 119.60, 7.59, 6.69, 3.97
1, 115, 120, 119, 118.49, 122.86, 119.59, 7.56, 6.67, 3.95
1, 117, 123, 122, 118.48, 122.86, 119.61, 7.53, 6.64, 3.94
1, 113, 118, 118, 118.44, 122.82, 119.60, 7.52, 6.63, 3.93
1, 111, 117, 116, 118.38, 122.78, 119.57, 7.52, 6.63, 3.93
1, 107, 113, 113, 118.29, 122.70, 119.52, 7.55, 6.66, 3.96
1, 105, 110, 111, 118.18, 122.60, 119.45, 7.62, 6.73, 4.01
1, 102, 109, 108, 118.05, 122.49, 119.36, 7.72, 6.81, 4.12
1, 101, 108, 108, 117.92, 122.38, 119.27, 7.83, 6.90, 4.23
1, 102, 109, 109, 117.80, 122.28, 119.19, 7.93, 6.97, 4.30
1, 105, 111, 112, 117.70, 122.19, 119.14, 7.98, 7.01, 4.33
1, 109, 114, 115, 117.64, 122.13, 119.11, 7.98, 7.02, 4.33
1, 112, 117, 118, 117.59, 122.09, 119.10, 7.97, 7.01, 4.32
1, 113, 117, 117, 117.56, 122.05, 119.08, 7.95, 7.00, 4.30
1, 114, 118, 116, 117.53, 122.02, 119.06, 7.92, 6.98, 4.30
1, 114, 118, 116, 117.51, 121.99, 119.04, 7.90, 6.96, 4.29
1, 115, 119, 118, 117.49, 121.97, 119.03, 7.87, 6.94, 4.27
1, 116, 121, 119, 117.48, 121.96, 119.03, 7.85, 6.92, 4.26
1, 117, 121, 121, 117.47, 121.96, 119.04, 7.82, 6.89, 4.25
1, 116, 120, 122, 117.46, 121.94, 119.06, 7.79, 6.87, 4.24
1, 118, 122, 125, 117.47, 121.94, 119.11, 7.76, 6.84, 4.25
1, 119, 123, 126, 117.48, 121.95, 119.15, 7.74, 6.82, 4.28
1, 123, 128, 127, 117.52, 121.99, 119.21, 7.72, 6.82, 4.31
1, 125, 130, 128, 117.57, 122.05, 119.27, 7.72, 6.82, 4.36
1, 126, 129, 127, 117.63, 122.10, 119.32, 7.73, 6.83, 4.39
1, 127, 131, 127, 117.69, 122.16, 119.38, 7.74, 6.84, 4.42
1, 131, 135, 132, 117.78, 122.24, 119.46, 7.79, 6.90, 4.53
1, 127, 133, 129, 117.84, 122.32, 119.53, 7.80, 6.93, 4.58
1, 121, 128, 125, 117.87, 122.36, 119.56, 7.78, 6.93, 4.59
1, 119, 126, 122, 117.87, 122.38, 119.58, 7.75, 6.91, 4.57
1, 120, 125, 121, 117.89, 122.40, 119.59, 7.73, 6.89, 4.56
1, 119, 125, 120, 117.89, 122.41, 119.59, 7.70, 6.87, 4.55
1, 115, 120, 117, 117.88, 122.40, 119.58, 7.68, 6.85, 4.54
1, 111, 116, 113, 117.83, 122.36, 119.53, 7.68, 6.85, 4.55
1, 109, 114, 113, 117.77, 122.30, 119.49, 7.68, 6.86, 4.57
1, 108, 112, 114, 117.71, 122.24, 119.46, 7.70, 6.88, 4.57
1, 109, 114, 117, 117.66, 122.18, 119.44, 7.71, 6.89, 4.56
1, 107, 112, 116, 117.59, 122.12, 119.42, 7.73, 6.92, 4.56
1, 105, 111, 114, 117.51, 122.05, 119.38, 7.77, 6.95, 4.56
1, 105, 112, 113, 117.43, 121.99, 119.34, 7.81, 6.98, 4.58
1, 105, 113, 113, 117.35, 121.93, 119.30, 7.84, 6.99, 4.59
1, 105, 113, 113, 117.28, 121.88, 119.27, 7.88, 7.00, 4.60
1, 105, 112, 112, 117.20, 121.82, 119.22, 7.91, 7.03, 4.62
1, 106, 112, 113, 117.13, 121.76, 119.18, 7.94, 7.05, 4.63
1, 106, 111, 112, 117.07, 121.69, 119.14, 7.96, 7.07, 4.65
1, 106, 110, 111, 117.00, 121.62, 119.09, 7.98, 7.11, 4.68
1, 106, 111, 112, 116.93, 121.56, 119.05, 8.00, 7.14, 4.70
1, 106, 113, 114, 116.87, 121.51, 119.02, 8.02, 7.15, 4.70
1, 105, 114, 115, 116.80, 121.46, 118.99, 8.05, 7.15, 4.70
1, 106, 115, 117, 116.74, 121.42, 118.98, 8.07, 7.14, 4.69
1, 109, 117, 119, 116.69, 121.40, 118.98, 8.07, 7.13, 4.67
1, 112, 117, 120, 116.66, 121.37, 118.99, 8.05, 7.12, 4.66
1, 122, 126, 126, 116.69, 121.40, 119.03, 8.04, 7.11, 4.68
1, 128, 133, 129, 116.76, 121.47, 119.09, 8.06, 7.14, 4.72
1, 126, 130, 125, 116.81, 121.51, 119.12, 8.07, 7.15, 4.73
1, 128, 133, 126, 116.88, 121.58, 119.16, 8.09, 7.18, 4.75
1, 125, 130, 125, 116.92, 121.63, 119.19, 8.09, 7.19, 4.75
1, 126, 133, 128, 116.97, 121.69, 119.24, 8.10, 7.22, 4.79
1, 120, 126, 122, 116.99, 121.72, 119.26, 8.08, 7.21, 4.78
1, 115, 120, 119, 116.98, 121.71, 119.26, 8.05, 7.19, 4.76
1, 113, 118, 119, 116.96, 121.69, 119.25, 8.04, 7.17, 4.75
1, 114, 119, 119, 116.94, 121.67, 119.25, 8.02, 7.15, 4.74
1, 112, 116, 116, 116.91, 121.64, 119.23, 8.01, 7.15, 4.73
1, 113, 117, 116, 116.89, 121.61, 119.22, 7.99, 7.14, 4.72
1, 113, 115, 117, 116.87, 121.58, 119.21, 7.97, 7.13, 4.71
1, 113, 116, 118, 116.85, 121.55, 119.20, 7.96, 7.13, 4.70
1, 113, 117, 119, 116.83, 121.52, 119.20, 7.94, 7.11, 4.69
1, 114, 116, 121, 116.81, 121.49, 119.21, 7.92, 7.11, 4.68
1, 117, 119, 123, 116.81, 121.48, 119.23, 7.90, 7.09, 4.67
1, 117, 120, 126, 116.82, 121.47, 119.26, 7.88, 7.07, 4.69
1, 114, 119, 124, 116.80, 121.46, 119.29, 7.86, 7.06, 4.69
1, 109, 116, 120, 116.76, 121.43, 119.29, 7.86, 7.05, 4.68
1, 105, 112, 117, 116.70, 121.38, 119.28, 7.88, 7.06, 4.67
1, 107, 114, 117, 116.65, 121.35, 119.27, 7.90, 7.06, 4.66
1, 110, 115, 117, 116.62, 121.31, 119.26, 7.89, 7.06, 4.65
1, 112, 114, 118, 116.59, 121.28, 119.25, 7.88, 7.06, 4.64
1, 114, 115, 118, 116.58, 121.24, 119.24, 7.86, 7.06, 4.63
1, 113, 114, 117, 116.56, 121.21, 119.23, 7.84, 7.06, 4.62
1, 111, 114, 116, 116.53, 121.17, 119.22, 7.83, 7.06, 4.61
1, 110, 114, 116, 116.50, 121.14, 119.20, 7.83, 7.06, 4.61
1, 109, 114, 116, 116.46, 121.10, 119.18, 7.82, 7.06, 4.60
1, 109, 114, 117, 116.43, 121.06, 119.17, 7.82, 7.06, 4.59
1, 108, 113, 117, 116.38, 121.02, 119.16, 7.83, 7.07, 4.58
1, 107, 112, 116, 116.34, 120.98, 119.15, 7.83, 7.08, 4.58
1, 107, 111, 116, 116.29, 120.93, 119.13, 7.84, 7.09, 4.57
1, 108, 111, 116, 116.25, 120.88, 119.12, 7.84, 7.11, 4.56
1, 108, 112, 115, 116.21, 120.84, 119.10, 7.85, 7.12, 4.56
1, 106, 111, 113, 116.16, 120.79, 119.07, 7.86, 7.13, 4.57
1, 104, 110, 111, 116.11, 120.74, 119.03, 7.88, 7.16, 4.59
1, 103, 109, 110, 116.04, 120.69, 118.99, 7.92, 7.18, 4.62
1, 104, 110, 110, 115.99, 120.64, 118.94, 7.94, 7.21, 4.65
1, 107, 111, 113, 115.94, 120.59, 118.92, 7.95, 7.22, 4.66
1, 110, 113, 115, 115.92, 120.55, 118.90, 7.94, 7.22, 4.66
1, 112, 114, 117, 115.90, 120.52, 118.89, 7.93, 7.22, 4.65
1, 114, 116, 118, 115.89, 120.50, 118.88, 7.91, 7.21, 4.64
1, 112, 116, 118, 115.87, 120.48, 118.88, 7.89, 7.20, 4.63
1, 107, 111, 115, 115.83, 120.44, 118.86, 7.90, 7.21, 4.62
1, 104, 109, 114, 115.78, 120.39, 118.84, 7.92, 7.23, 4.63
1, 104, 109, 115, 115.72, 120.33, 118.82, 7.94, 7.26, 4.62
1, 105, 110, 117, 115.67, 120.29, 118.81, 7.96, 7.28, 4.61
1, 106, 112, 117, 115.63, 120.25, 118.81, 7.97, 7.28, 4.60
1, 106, 112, 116, 115.59, 120.21, 118.79, 7.97, 7.28, 4.60
1, 105, 113, 115, 115.54, 120.18, 118.78, 7.99, 7.28, 4.59
1, 104, 115, 115, 115.49, 120.16, 118.76, 8.01, 7.28, 4.59
1, 104, 114, 116, 115.44, 120.13, 118.75, 8.03, 7.27, 4.58
1, 104, 113, 116, 115.38, 120.10, 118.73, 8.04, 7.27, 4.58
1, 106, 113, 117, 115.34, 120.07, 118.73, 8.05, 7.27, 4.57
1, 109, 115, 119, 115.32, 120.04, 118.73, 8.04, 7.26, 4.56
1, 111, 117, 120, 115.30, 120.03, 118.73, 8.03, 7.25, 4.55
1, 109, 117, 120, 115.27, 120.02, 118.74, 8.02, 7.24, 4.54
1, 105, 114, 119, 115.23, 119.99, 118.74, 8.03, 7.23, 4.53
1, 102, 110, 118, 115.17, 119.95, 118.74, 8.06, 7.24, 4.52
1, 104, 112, 119, 115.12, 119.91, 118.74, 8.08, 7.25, 4.51
1, 107, 114, 120, 115.09, 119.89, 118.74, 8.08, 7.24, 4.50
1, 109, 115, 119, 115.06, 119.87, 118.74, 8.07, 7.23, 4.49
1, 113, 118, 120, 115.05, 119.86, 118.75, 8.06, 7.22, 4.48
1, 120, 124, 123, 115.07, 119.88, 118.77, 8.05, 7.21, 4.48
1, 120, 123, 124, 115.09, 119.89, 118.79, 8.04, 7.20, 4.49
1, 118, 121, 122, 115.10, 119.90, 118.80, 8.02, 7.18, 4.48
1, 113, 117, 118, 115.10, 119.88, 118.80, 8.00, 7.17, 4.47
1, 107, 112, 115, 115.06, 119.85, 118.78, 8.01, 7.17, 4.47
1, 103, 108, 111, 115.01, 119.80, 118.75, 8.03, 7.20, 4.49
1, 104, 108, 113, 114.97, 119.75, 118.73, 8.04, 7.22, 4.50
1, 104, 108, 114, 114.92, 119.70, 118.71, 8.05, 7.25, 4.50
1, 104, 109, 115, 114.88, 119.66, 118.69, 8.07, 7.26, 4.49
1, 104, 110, 115, 114.83, 119.62, 118.68, 8.08, 7.28, 4.49
1, 104, 111, 117, 114.79, 119.59, 118.67, 8.09, 7.28, 4.48
1, 105, 112, 119, 114.75, 119.56, 118.67, 8.10, 7.28, 4.47
1, 107, 116, 122, 114.72, 119.54, 118.69, 8.10, 7.27, 4.47
1, 109, 118, 124, 114.70, 119.54, 118.71, 8.09, 7.26, 4.47
1, 109, 119, 124, 114.67, 119.53, 118.73, 8.08, 7.24, 4.48
1, 113, 122, 126, 114.67, 119.54, 118.76, 8.07, 7.23, 4.49
1, 115, 125, 128, 114.67, 119.57, 118.79, 8.05, 7.22, 4.52
1, 114, 125, 125, 114.67, 119.59, 118.82, 8.04, 7.22, 4.53
1, 112, 122, 123, 114.65, 119.60, 118.84, 8.02, 7.21, 4.53
1, 113, 121, 124, 114.65, 119.60, 118.86, 8.01, 7.19, 4.53
1, 116, 124, 125, 114.65, 119.62, 118.88, 7.99, 7.18, 4.54
1, 118, 125, 128, 114.67, 119.64, 118.91, 7.98, 7.18, 4.56
1, 115, 121, 125, 114.67, 119.64, 118.94, 7.96, 7.16, 4.57
1, 110, 115, 120, 114.65, 119.63, 118.94, 7.95, 7.16, 4.56
1, 109, 114, 117, 114.63, 119.61, 118.93, 7.95, 7.15, 4.55
1, 109, 113, 117, 114.61, 119.58, 118.93, 7.94, 7.15, 4.55
1, 107, 112, 115, 114.58, 119.55, 118.91, 7.94, 7.15, 4.54
1, 106, 111, 112, 114.55, 119.52, 118.89, 7.94, 7.16, 4.56
1, 105, 109, 111, 114.51, 119.48, 118.86, 7.95, 7.17, 4.57
1, 105, 110, 113, 114.47, 119.44, 118.83, 7.95, 7.18, 4.58
1, 105, 111, 114, 114.44, 119.41, 118.82, 7.96, 7.19, 4.58
1, 104, 110, 115, 114.40, 119.38, 118.80, 7.97, 7.20, 4.58
1, 102, 109, 113, 114.35, 119.34, 118.78, 7.99, 7.21, 4.58
1, 103, 110, 113, 114.31, 119.30, 118.76, 8.01, 7.22, 4.59
1, 104, 111, 113, 114.27, 119.27, 118.74, 8.02, 7.22, 4.59
1, 106, 113, 113, 114.24, 119.25, 118.72, 8.02, 7.22, 4.60
1, 107, 114, 115, 114.22, 119.23, 118.70, 8.01, 7.21, 4.59
1, 104, 111, 113, 114.18, 119.20, 118.68, 8.02, 7.22, 4.60
1, 99, 106, 109, 114.12, 119.15, 118.65, 8.06, 7.25, 4.63
1, 98, 104, 107, 114.07, 119.10, 118.61, 8.10, 7.29, 4.67
1, 103, 108, 111, 114.03, 119.06, 118.58, 8.12, 7.31, 4.68
1, 107, 111, 114, 114.00, 119.03, 118.56, 8.11, 7.31, 4.68
1, 108, 112, 115, 113.98, 119.00, 118.55, 8.11, 7.31, 4.68
1, 106, 111, 115, 113.95, 118.97, 118.54, 8.11, 7.31, 4.68
1, 105, 111, 115, 113.92, 118.95, 118.52, 8.11, 7.32, 4.67
1, 103, 111, 115, 113.88, 118.92, 118.51, 8.12, 7.32, 4.67
1, 101, 109, 113, 113.83, 118.88, 118.49, 8.14, 7.33, 4.67
1, 97, 105, 110, 113.77, 118.83, 118.46, 8.19, 7.36, 4.69
1, 98, 105, 110, 113.72, 118.79, 118.43, 8.23, 7.40, 4.71
1, 100, 107, 113, 113.67, 118.74, 118.41, 8.25, 7.42, 4.71
1, 100, 108, 113, 113.62, 118.71, 118.39, 8.28, 7.43, 4.72
1, 100, 107, 113, 113.58, 118.67, 118.38, 8.30, 7.45, 4.72
1, 103, 109, 113, 113.54, 118.63, 118.36, 8.31, 7.46, 4.72
1, 106, 112, 114, 113.51, 118.61, 118.34, 8.31, 7.45, 4.72
1, 109, 114, 116, 113.50, 118.59, 118.33, 8.30, 7.45, 4.71
1, 110, 116, 117, 113.49, 118.59, 118.33, 8.29, 7.44, 4.71
1, 108, 113, 114, 113.47, 118.57, 118.31, 8.28, 7.43, 4.70
1, 115, 120, 120, 113.47, 118.57, 118.32, 8.27, 7.42, 4.70
1, 123, 127, 127, 113.51, 118.60, 118.35, 8.27, 7.42, 4.72
1, 119, 122, 121, 113.52, 118.61, 118.36, 8.26, 7.41, 4.71
1, 117, 122, 121, 113.54, 118.62, 118.37, 8.25, 7.40, 4.71
1, 121, 126, 126, 113.56, 118.65, 118.39, 8.25, 7.40, 4.72
1, 127, 134, 132, 113.61, 118.70, 118.44, 8.27, 7.44, 4.78
1, 121, 128, 127, 113.63, 118.73, 118.47, 8.27, 7.45, 4.79
1, 116, 123, 123, 113.64, 118.74, 118.48, 8.26, 7.44, 4.79
1, 114, 122, 123, 113.64, 118.75, 118.50, 8.24, 7.43, 4.79
1, 112, 121, 122, 113.63, 118.76, 118.51, 8.23, 7.42, 4.79
1, 117, 126, 124, 113.64, 118.79, 118.53, 8.22, 7.42, 4.79
1, 120, 129, 127, 113.67, 118.82, 118.55, 8.21, 7.43, 4.81
1, 118, 125, 123, 113.68, 118.84, 118.57, 8.20, 7.43, 4.81
1, 115, 121, 121, 113.68, 118.85, 118.58, 8.19, 7.41, 4.80
1, 111, 117, 117, 113.68, 118.84, 118.57, 8.18, 7.40, 4.79
1, 105, 110, 113, 113.65, 118.81, 118.55, 8.18, 7.41, 4.80
1, 101, 106, 111, 113.61, 118.77, 118.53, 8.20, 7.43, 4.81
1, 101, 108, 113, 113.57, 118.74, 118.51, 8.21, 7.44, 4.81
1, 101, 109, 114, 113.53, 118.71, 118.50, 8.23, 7.45, 4.81
1, 106, 114, 116, 113.50, 118.69, 118.49, 8.23, 7.45, 4.80
1, 113, 122, 122, 113.50, 118.70, 118.50, 8.22, 7.44, 4.80
1, 115, 123, 122, 113.50, 118.71, 118.51, 8.20, 7.43, 4.80
1, 107, 113, 114, 113.48, 118.70, 118.50, 8.20, 7.42, 4.80
1, 98, 105, 106, 113.44, 118.65, 118.46, 8.23, 7.45, 4.84
1, 96, 102, 106, 113.38, 118.60, 118.42, 8.28, 7.50, 4.88
1, 97, 104, 109, 113.33, 118.55, 118.39, 8.32, 7.53, 4.90
1, 93, 102, 108, 113.27, 118.50, 118.36, 8.38, 7.58, 4.93
1, 90, 100, 106, 113.19, 118.45, 118.32, 8.47, 7.63, 4.97
1, 90, 100, 107, 113.12, 118.39, 118.28, 8.55, 7.69, 5.00
1, 92, 102, 108, 113.06, 118.34, 118.25, 8.62, 7.73, 5.03
1, 95, 104, 109, 113.00, 118.29, 118.22, 8.66, 7.76, 5.04
1, 97, 106, 109, 112.95, 118.26, 118.19, 8.70, 7.78, 5.06
1, 97, 105, 107, 112.90, 118.21, 118.16, 8.73, 7.80, 5.09
1, 96, 103, 106, 112.85, 118.17, 118.12, 8.76, 7.84, 5.13
1, 95, 101, 105, 112.80, 118.12, 118.08, 8.81, 7.88, 5.17
1, 94, 99, 106, 112.74, 118.06, 118.05, 8.85, 7.94, 5.21
1, 93, 98, 107, 112.68, 118.00, 118.01, 8.91, 8.00, 5.23
1, 92, 98, 106, 112.62, 117.94, 117.98, 8.97, 8.07, 5.27
1, 93, 99, 108, 112.56, 117.88, 117.95, 9.02, 8.12, 5.29
1, 92, 99, 110, 112.50, 117.82, 117.92, 9.07, 8.18, 5.30
1, 92, 100, 111, 112.43, 117.77, 117.90, 9.13, 8.22, 5.30
1, 94, 103, 112, 112.38, 117.73, 117.88, 9.17, 8.25, 5.31
1, 97, 106, 113, 112.33, 117.69, 117.87, 9.19, 8.26, 5.31
1, 101, 108, 114, 112.30, 117.66, 117.86, 9.20, 8.27, 5.30
1, 105, 113, 115, 112.28, 117.65, 117.85, 9.20, 8.26, 5.30
1, 112, 119, 121, 112.28, 117.65, 117.86, 9.18, 8.25, 5.29
1, 117, 122, 126, 112.29, 117.66, 117.88, 9.17, 8.24, 5.30
1, 119, 125, 128, 112.31, 117.69, 117.91, 9.17, 8.23, 5.32
1, 123, 127, 132, 112.34, 117.71, 117.95, 9.17, 8.24, 5.37
1, 122, 126, 131, 112.37, 117.74, 117.99, 9.17, 8.24, 5.41
1, 119, 124, 126, 112.39, 117.76, 118.01, 9.17, 8.23, 5.42
1, 123, 127, 129, 112.42, 117.78, 118.05, 9.17, 8.24, 5.44
1, 126, 130, 131, 112.46, 117.82, 118.08, 9.19, 8.25, 5.48
1, 125, 129, 125, 112.50, 117.85, 118.10, 9.20, 8.26, 5.48
1, 126, 130, 125, 112.53, 117.89, 118.12, 9.21, 8.27, 5.49
1, 127, 131, 126, 112.58, 117.92, 118.15, 9.23, 8.29, 5.49
1, 123, 129, 124, 112.61, 117.95, 118.16, 9.24, 8.30, 5.50
1, 118, 123, 122, 112.62, 117.97, 118.17, 9.23, 8.29, 5.49
1, 114, 119, 120, 112.62, 117.97, 118.18, 9.21, 8.28, 5.48
1, 111, 117, 117, 112.62, 117.97, 118.18, 9.20, 8.27, 5.48
1, 107, 113, 115, 112.60, 117.95, 118.17, 9.19, 8.26, 5.47
1, 106, 111, 113, 112.59, 117.94, 118.15, 9.19, 8.26, 5.47
1, 107, 110, 112, 112.57, 117.91, 118.13, 9.18, 8.26, 5.47
1, 109, 111, 113, 112.56, 117.89, 118.12, 9.17, 8.25, 5.47
1, 112, 112, 115, 112.56, 117.88, 118.11, 9.16, 8.25, 5.47
1, 113, 113, 116, 112.56, 117.86, 118.11, 9.14, 8.24, 5.46
1, 110, 110, 114, 112.55, 117.84, 118.09, 9.13, 8.24, 5.46
1, 110, 112, 115, 112.55, 117.83, 118.09, 9.12, 8.23, 5.45
1, 125, 129, 131, 112.58, 117.86, 118.12, 9.13, 8.24, 5.49
1, 142, 147, 148, 112.66, 117.94, 118.20, 9.25, 8.37, 5.70
1, 130, 137, 139, 112.71, 117.99, 118.26, 9.28, 8.42, 5.79
1, 93, 102, 108, 112.65, 117.95, 118.23, 9.32, 8.45, 5.81
1, 66, 79, 88, 112.53, 117.84, 118.15, 9.63, 8.68, 6.01
2, 112, 119, 118, 255.00, 255.00, 255.00, 50.00, 50.00, 50.00
2, 111, 117, 116, 255.00, 255.00, 255.00, 50.00, 50.00, 50.00
2, 111, 117, 115, 255.00, 255.00, 255.00, 50.00, 50.00, 50.00
2, 112, 118, 116, 255.00, 255.00, 255.00, 50.00, 50.00, 50.00
2, 111, 118, 115, 255.00, 255.00, 255.00, 50.00, 50.00, 50.00
2, 110, 118, 116, 111.17, 117.83, 116.00, 0.75, 0.75, 1.10
2, 111, 118, 119, 111.14, 117.86, 116.43, 0.69, 0.69, 1.51
2, 116, 121, 123, 111.75, 118.25, 117.25, 1.83, 1.28, 2.71
2, 122, 125, 128, 112.89, 119.00, 118.44, 3.82, 2.55, 4.39
2, 128, 129, 130, 114.40, 120.00, 119.60, 5.99, 3.97, 5.52
2, 133, 134, 131, 116.09, 121.27, 120.64, 7.98, 5.66, 6.27
2, 140, 142, 135, 118.08, 123.00, 121.83, 10.27, 8.06, 7.27
2, 146, 148, 138, 120.23, 124.92, 123.08, 12.52, 10.37, 8.28
2, 147, 149, 136, 122.14, 126.64, 124.00, 13.99, 11.86, 8.67
2, 148, 150, 136, 123.87, 128.20, 124.80, 15.05, 12.92, 8.91
2, 145, 146, 133, 125.19, 129.31, 125.31, 15.47, 13.26, 8.85
2, 136, 138, 126, 125.82, 129.82, 125.35, 15.20, 13.01, 8.57
2, 129, 132, 123, 126.00, 129.94, 125.22, 14.77, 12.63, 8.34
2, 122, 126, 120, 125.79, 129.74, 124.95, 14.38, 12.31, 8.19
2, 116, 122, 118, 125.30, 129.35, 124.60, 14.17, 12.10, 8.12
2, 112, 118, 116, 124.67, 128.81, 124.19, 14.11, 12.05, 8.13
2, 112, 120, 118, 124.09, 128.41, 123.91, 14.03, 11.91, 8.05
2, 112, 120, 118, 123.57, 128.04, 123.65, 13.94, 11.77, 7.96
2, 115, 120, 120, 123.21, 127.71, 123.50, 13.75, 11.63, 7.82
2, 118, 122, 122, 123.00, 127.48, 123.44, 13.50, 11.44, 7.66
2, 119, 123, 124, 122.85, 127.31, 123.46, 13.25, 11.24, 7.51
2, 122, 126, 126, 122.81, 127.26, 123.56, 12.99, 11.03, 7.38
2, 125, 129, 128, 122.89, 127.32, 123.71, 12.76, 10.83, 7.29
2, 128, 132, 131, 123.07, 127.48, 123.97, 12.56, 10.67, 7.28
2, 132, 135, 133, 123.37, 127.73, 124.27, 12.45, 10.57, 7.34
2, 139, 141, 138, 123.87, 128.16, 124.71, 12.56, 10.66, 7.63
2, 134, 134, 131, 124.19, 128.34, 124.91, 12.48, 10.54, 7.59
2, 132, 134, 129, 124.42, 128.52, 125.03, 12.36, 10.42, 7.50
2, 129, 131, 126, 124.56, 128.59, 125.06, 12.20, 10.27, 7.39
2, 131, 136, 129, 124.74, 128.80, 125.17, 12.07, 10.19, 7.31
2, 129, 132, 125, 124.86, 128.89, 125.17, 11.91, 10.06, 7.21
2, 128, 132, 124, 124.95, 128.97, 125.14, 11.76, 9.93, 7.11
2, 123, 126, 119, 124.89, 128.89, 124.97, 11.60, 9.81, 7.08
2, 124, 126, 122, 124.87, 128.82, 124.90, 11.45, 9.69, 7.00
2, 126, 129, 126, 124.90, 128.82, 124.92, 11.30, 9.57, 6.91
2, 129, 132, 129, 125.00, 128.90, 125.02, 11.18, 9.46, 6.86
2, 128, 131, 128, 125.07, 128.95, 125.10, 11.05, 9.35, 6.79
2, 136, 139, 133, 125.33, 129.19, 125.28, 11.05, 9.36, 6.81
2, 131, 133, 126, 125.45, 129.27, 125.30, 10.95, 9.27, 6.74
2, 129, 132, 122, 125.53, 129.33, 125.22, 10.84, 9.18, 6.68
2, 129, 132, 123, 125.61, 129.39, 125.17, 10.73, 9.08, 6.61
2, 131, 135, 127, 125.72, 129.51, 125.21, 10.64, 9.02, 6.54
2, 129, 133, 126, 125.79, 129.58, 125.23, 10.54, 8.94, 6.47
2, 130, 136, 130, 125.88, 129.71, 125.33, 10.45, 8.89, 6.44
2, 126, 133, 127, 125.88, 129.78, 125.36, 10.34, 8.81, 6.38
2, 130, 139, 131, 125.96, 129.96, 125.47, 10.25, 8.82, 6.37
2, 130, 136, 131, 126.04, 130.08, 125.58, 10.17, 8.77, 6.35
2, 138, 142, 137, 126.26, 130.30, 125.79, 10.20, 8.84, 6.48
2, 139, 144, 138, 126.50, 130.56, 126.02, 10.25, 8.95, 6.63
2, 132, 135, 131, 126.60, 130.64, 126.11, 10.18, 8.89, 6.60
2, 128, 131, 127, 126.62, 130.64, 126.12, 10.09, 8.81, 6.55
2, 133, 137, 131, 126.74, 130.75, 126.21, 10.04, 8.77, 6.52
2, 132, 134, 127, 126.83, 130.81, 126.22, 9.97, 8.70, 6.46
2, 133, 136, 127, 126.93, 130.90, 126.24, 9.92, 8.65, 6.41
2, 130, 131, 123, 126.98, 130.90, 126.18, 9.84, 8.58, 6.37
2, 135, 139, 130, 127.11, 131.03, 126.25, 9.81, 8.57, 6.33
2, 136, 139, 132, 127.26, 131.16, 126.34, 9.80, 8.56, 6.32
2, 136, 139, 133, 127.40, 131.29, 126.44, 9.78, 8.55, 6.33
2, 131, 133, 128, 127.45, 131.31, 126.47, 9.71, 8.48, 6.28
2, 129, 131, 128, 127.48, 131.31, 126.49, 9.64, 8.42, 6.23
2, 131, 135, 130, 127.53, 131.36, 126.55, 9.57, 8.36, 6.20
2, 128, 131, 127, 127.54, 131.36, 126.55, 9.50, 8.30, 6.15
2, 128, 132, 127, 127.54, 131.37, 126.56, 9.43, 8.24, 6.11
2, 124, 129, 124, 127.49, 131.33, 126.52, 9.37, 8.18, 6.07
2, 120, 125, 121, 127.39, 131.24, 126.44, 9.35, 8.16, 6.06
2, 118, 125, 121, 127.25, 131.15, 126.37, 9.35, 8.13, 6.05
2, 115, 124, 121, 127.08, 131.06, 126.29, 9.39, 8.12, 6.04
2, 115, 121, 121, 126.92, 130.92, 126.22, 9.43, 8.15, 6.03
2, 115, 121, 121, 126.76, 130.78, 126.15, 9.47, 8.17, 6.02
2, 115, 121, 123, 126.60, 130.65, 126.11, 9.50, 8.20, 5.99
2, 115, 120, 122, 126.45, 130.51, 126.05, 9.53, 8.23, 5.97
2, 116, 120, 121, 126.31, 130.38, 125.99, 9.54, 8.27, 5.96
2, 118, 122, 123, 126.21, 130.27, 125.95, 9.53, 8.27, 5.93
2, 118, 123, 124, 126.10, 130.18, 125.92, 9.51, 8.26, 5.90
2, 116, 122, 123, 125.97, 130.07, 125.89, 9.52, 8.25, 5.87
2, 116, 122, 122, 125.85, 129.98, 125.84, 9.52, 8.25, 5.85
2, 119, 124, 122, 125.77, 129.90, 125.79, 9.50, 8.23, 5.83
2, 120, 123, 121, 125.70, 129.82, 125.73, 9.46, 8.21, 5.81
2, 121, 123, 122, 125.64, 129.74, 125.69, 9.41, 8.20, 5.79
2, 121, 125, 124, 125.59, 129.68, 125.67, 9.37, 8.16, 5.76
2, 120, 126, 126, 125.52, 129.64, 125.67, 9.34, 8.12, 5.73
2, 120, 127, 128, 125.46, 129.61, 125.70, 9.30, 8.08, 5.70
2, 120, 128, 130, 125.40, 129.59, 125.75, 9.27, 8.04, 5.69
2, 120, 128, 128, 125.34, 129.57, 125.78, 9.23, 7.99, 5.66
2, 118, 124, 123, 125.26, 129.51, 125.74, 9.21, 7.97, 5.63
2, 115, 120, 119, 125.14, 129.41, 125.67, 9.22, 7.99, 5.65
2, 116, 120, 118, 125.04, 129.30, 125.59, 9.22, 8.00, 5.67
2, 118, 121, 119, 124.97, 129.22, 125.52, 9.20, 8.01, 5.68
2, 119, 122, 121, 124.90, 129.14, 125.47, 9.17, 8.00, 5.67
2, 120, 120, 122, 124.85, 129.04, 125.43, 9.14, 8.01, 5.65
2, 119, 119, 122, 124.79, 128.94, 125.40, 9.11, 8.03, 5.63
2, 121, 124, 125, 124.75, 128.89, 125.39, 9.07, 8.01, 5.60
2, 117, 119, 123, 124.67, 128.79, 125.37, 9.06, 8.03, 5.58
2, 117, 120, 123, 124.60, 128.70, 125.34, 9.04, 8.04, 5.56
2, 117, 121, 124, 124.52, 128.62, 125.33, 9.03, 8.03, 5.53
2, 119, 123, 126, 124.47, 128.56, 125.34, 9.00, 8.01, 5.50
2, 120, 125, 128, 124.42, 128.53, 125.36, 8.97, 7.98, 5.48
2, 120, 127, 128, 124.38, 128.51, 125.39, 8.93, 7.94, 5.46
2, 121, 130, 128, 124.35, 128.53, 125.41, 8.90, 7.90, 5.44
2, 125, 131, 129, 124.35, 128.55, 125.45, 8.85, 7.87, 5.43
2, 132, 138, 135, 124.42, 128.64, 125.54, 8.84, 7.89, 5.48
2, 134, 141, 139, 124.51, 128.76, 125.66, 8.85, 7.94, 5.61
2, 126, 131, 130, 124.53, 128.78, 125.70, 8.81, 7.91, 5.60
2, 125, 131, 130, 124.53, 128.80, 125.74, 8.77, 7.87, 5.59
2, 118, 125, 124, 124.47, 128.76, 125.73, 8.75, 7.84, 5.56
2, 117, 125, 124, 124.41, 128.73, 125.71, 8.74, 7.82, 5.54
2, 117, 127, 125, 124.34, 128.71, 125.71, 8.73, 7.78, 5.51
2, 118, 126, 125, 124.28, 128.69, 125.70, 8.71, 7.75, 5.49
2, 123, 131, 129, 124.27, 128.71, 125.73, 8.67, 7.72, 5.47
2, 126, 135, 131, 124.29, 128.77, 125.77, 8.63, 7.71, 5.47
2, 125, 129, 126, 124.29, 128.77, 125.78, 8.60, 7.68, 5.45
2, 126, 130, 125, 124.31, 128.78, 125.77, 8.56, 7.64, 5.43
2, 124, 128, 122, 124.31, 128.77, 125.74, 8.52, 7.61, 5.41
2, 118, 123, 119, 124.25, 128.72, 125.68, 8.51, 7.60, 5.43
2, 119, 126, 122, 124.21, 128.70, 125.65, 8.49, 7.57, 5.41
2, 119, 126, 122, 124.17, 128.68, 125.62, 8.46, 7.54, 5.40
2, 123, 130, 125, 124.16, 128.69, 125.61, 8.43, 7.51, 5.38
2, 122, 129, 122, 124.14, 128.69, 125.59, 8.40, 7.48, 5.37
2, 116, 122, 117, 124.07, 128.64, 125.52, 8.39, 7.47, 5.40
2, 110, 117, 114, 123.96, 128.54, 125.42, 8.45, 7.52, 5.48
2, 111, 118, 118, 123.86, 128.46, 125.37, 8.50, 7.54, 5.49
2, 116, 123, 124, 123.80, 128.42, 125.35, 8.49, 7.53, 5.47
2, 119, 126, 127, 123.76, 128.40, 125.37, 8.47, 7.50, 5.45
2, 118, 124, 123, 123.71, 128.36, 125.35, 8.45, 7.48, 5.44
2, 114, 117, 116, 123.64, 128.28, 125.28, 8.46, 7.52, 5.48
2, 117, 118, 118, 123.59, 128.20, 125.22, 8.45, 7.55, 5.49
2, 119, 120, 119, 123.55, 128.14, 125.17, 8.43, 7.55, 5.50
2, 117, 119, 119, 123.50, 128.07, 125.13, 8.42, 7.56, 5.50
2, 115, 118, 117, 123.44, 127.99, 125.07, 8.42, 7.59, 5.53
2, 114, 118, 117, 123.37, 127.92, 125.01, 8.42, 7.61, 5.55
2, 114, 118, 118, 123.30, 127.85, 124.96, 8.43, 7.63, 5.56
2, 115, 118, 119, 123.24, 127.77, 124.91, 8.43, 7.64, 5.57
2, 117, 119, 119, 123.20, 127.71, 124.87, 8.42, 7.65, 5.57
2, 115, 119, 118, 123.14, 127.65, 124.82, 8.41, 7.66, 5.58
2, 113, 117, 117, 123.06, 127.57, 124.76, 8.43, 7.69, 5.60
2, 113, 117, 118, 122.99, 127.50, 124.72, 8.44, 7.71, 5.61
2, 113, 117, 120, 122.92, 127.42, 124.68, 8.45, 7.73, 5.60
2, 111, 114, 119, 122.84, 127.33, 124.64, 8.48, 7.79, 5.60
2, 109, 113, 117, 122.74, 127.23, 124.59, 8.53, 7.85, 5.62
2, 110, 117, 119, 122.66, 127.16, 124.55, 8.56, 7.87, 5.62
2, 114, 122, 124, 122.60, 127.12, 124.55, 8.57, 7.85, 5.60
2, 116, 123, 125, 122.55, 127.10, 124.55, 8.55, 7.83, 5.58
2, 110, 116, 118, 122.47, 127.02, 124.51, 8.59, 7.86, 5.59
2, 103, 108, 110, 122.34, 126.89, 124.41, 8.70, 7.99, 5.69
2, 105, 111, 112, 122.22, 126.79, 124.33, 8.79, 8.07, 5.76
2, 109, 111, 114, 122.13, 126.68, 124.26, 8.83, 8.14, 5.81
2, 113, 115, 118, 122.07, 126.61, 124.22, 8.83, 8.17, 5.81
2, 115, 119, 121, 122.03, 126.56, 124.20, 8.82, 8.17, 5.79
2, 119, 122, 124, 122.01, 126.53, 124.19, 8.79, 8.15, 5.78
2, 121, 125, 126, 122.00, 126.52, 124.21, 8.76, 8.12, 5.76
2, 122, 125, 127, 122.00, 126.51, 124.22, 8.74, 8.10, 5.74
2, 123, 125, 127, 122.01, 126.50, 124.24, 8.71, 8.07, 5.73
2, 124, 126, 128, 122.02, 126.49, 124.27, 8.68, 8.05, 5.72
2, 126, 128, 127, 122.04, 126.50, 124.28, 8.66, 8.02, 5.71
2, 128, 130, 128, 122.08, 126.53, 124.31, 8.65, 8.00, 5.70
2, 128, 129, 127, 122.12, 126.54, 124.32, 8.63, 7.98, 5.68
2, 126, 128, 127, 122.14, 126.55, 124.34, 8.61, 7.95, 5.67
2, 126, 128, 128, 122.17, 126.56, 124.36, 8.59, 7.93, 5.66
2, 124, 127, 128, 122.18, 126.56, 124.38, 8.56, 7.91, 5.65
2, 120, 124, 125, 122.16, 126.55, 124.39, 8.54, 7.88, 5.63
2, 118, 123, 124, 122.14, 126.52, 124.39, 8.52, 7.86, 5.61
2, 118, 124, 123, 122.11, 126.51, 124.38, 8.50, 7.84, 5.60
2, 118, 124, 122, 122.09, 126.49, 124.36, 8.48, 7.82, 5.58
2, 120, 124, 120, 122.08, 126.48, 124.34, 8.46, 7.80, 5.58
2, 120, 124, 120, 122.06, 126.46, 124.31, 8.43, 7.78, 5.57
2, 124, 127, 121, 122.08, 126.47, 124.29, 8.41, 7.76, 5.56
2, 123, 127, 122, 122.08, 126.47, 124.28, 8.38, 7.73, 5.55
2, 122, 126, 121, 122.08, 126.47, 124.26, 8.36, 7.71, 5.54
2, 120, 125, 120, 122.07, 126.46, 124.24, 8.34, 7.69, 5.53
2, 124, 129, 123, 122.08, 126.47, 124.23, 8.31, 7.67, 5.51
2, 124, 129, 123, 122.09, 126.49, 124.22, 8.29, 7.65, 5.50
2, 121, 127, 122, 122.08, 126.49, 124.21, 8.27, 7.63, 5.49
2, 115, 121, 118, 122.04, 126.46, 124.17, 8.26, 7.62, 5.49
2, 108, 114, 114, 121.97, 126.39, 124.12, 8.31, 7.65, 5.53
2, 105, 111, 112, 121.87, 126.31, 124.05, 8.38, 7.72, 5.59
2, 103, 109, 111, 121.77, 126.21, 123.98, 8.47, 7.80, 5.65
2, 101, 106, 109, 121.65, 126.10, 123.90, 8.59, 7.93, 5.75
2, 101, 107, 109, 121.54, 125.99, 123.81, 8.70, 8.03, 5.84
2, 102, 109, 111, 121.43, 125.90, 123.74, 8.79, 8.10, 5.90
2, 104, 112, 113, 121.34, 125.83, 123.69, 8.86, 8.15, 5.93
2, 107, 114, 115, 121.26, 125.76, 123.64, 8.90, 8.17, 5.95
2, 110, 118, 117, 121.20, 125.72, 123.60, 8.92, 8.17, 5.95
2, 111, 119, 119, 121.15, 125.69, 123.58, 8.92, 8.16, 5.95
2, 116, 126, 125, 121.12, 125.69, 123.59, 8.91, 8.14, 5.93
2, 116, 126, 125, 121.09, 125.69, 123.59, 8.89, 8.12, 5.92
2, 112, 119, 120, 121.05, 125.65, 123.58, 8.89, 8.11, 5.91
2, 114, 120, 121, 121.01, 125.62, 123.56, 8.88, 8.10, 5.90
2, 116, 121, 122, 120.98, 125.60, 123.55, 8.87, 8.09, 5.88
2, 116, 120, 121, 120.96, 125.57, 123.54, 8.85, 8.08, 5.87
2, 114, 117, 118, 120.92, 125.53, 123.51, 8.84, 8.08, 5.87
2, 118, 122, 121, 120.91, 125.51, 123.50, 8.82, 8.06, 5.86
2, 123, 129, 127, 120.92, 125.53, 123.52, 8.80, 8.04, 5.85
2, 120, 125, 125, 120.91, 125.53, 123.53, 8.78, 8.02, 5.83
2, 120, 126, 126, 120.91, 125.53, 123.54, 8.76, 8.00, 5.82
2, 117, 125, 124, 120.89, 125.53, 123.54, 8.74, 7.98, 5.80
2, 114, 120, 119, 120.86, 125.50, 123.52, 8.73, 7.97, 5.80
2, 113, 120, 117, 120.82, 125.47, 123.49, 8.73, 7.96, 5.80
2, 112, 117, 115, 120.77, 125.43, 123.44, 8.73, 7.97, 5.82
2, 113, 117, 117, 120.74, 125.39, 123.41, 8.72, 7.97, 5.82
2, 119, 122, 120, 120.73, 125.37, 123.40, 8.70, 7.95, 5.81
2, 123, 126, 124, 120.74, 125.37, 123.40, 8.68, 7.93, 5.80
2, 122, 124, 123, 120.74, 125.37, 123.40, 8.66, 7.91, 5.78
2, 125, 128, 126, 120.76, 125.38, 123.41, 8.65, 7.90, 5.77
2, 122, 124, 123, 120.77, 125.37, 123.41, 8.63, 7.88, 5.76
2, 125, 127, 126, 120.79, 125.38, 123.42, 8.61, 7.86, 5.75
2, 130, 132, 130, 120.83, 125.41, 123.45, 8.61, 7.85, 5.75
2, 124, 126, 126, 120.85, 125.42, 123.46, 8.60, 7.84, 5.74
2, 123, 127, 125, 120.86, 125.42, 123.47, 8.58, 7.82, 5.73
2, 122, 128, 124, 120.86, 125.43, 123.47, 8.56, 7.80, 5.72
2, 118, 125, 121, 120.85, 125.43, 123.46, 8.54, 7.78, 5.71
2, 111, 118, 114, 120.81, 125.40, 123.42, 8.55, 7.78, 5.73
2, 114, 121, 118, 120.77, 125.38, 123.39, 8.54, 7.77, 5.73
2, 118, 124, 124, 120.76, 125.37, 123.39, 8.52, 7.75, 5.71
2, 122, 129, 129, 120.77, 125.39, 123.42, 8.50, 7.74, 5.71
2, 122, 130, 130, 120.77, 125.41, 123.45, 8.48, 7.73, 5.72
2, 118, 124, 126, 120.76, 125.40, 123.46, 8.46, 7.71, 5.71
2, 121, 127, 128, 120.76, 125.41, 123.48, 8.45, 7.69, 5.70
2, 116, 120, 123, 120.74, 125.39, 123.48, 8.43, 7.68, 5.69
2, 112, 118, 120, 120.70, 125.35, 123.46, 8.43, 7.68, 5.68
2, 108, 116, 118, 120.64, 125.31, 123.44, 8.46, 7.69, 5.68
2, 104, 114, 116, 120.57, 125.26, 123.41, 8.51, 7.71, 5.69
2, 104, 115, 115, 120.50, 125.22, 123.37, 8.56, 7.72, 5.70
2, 105, 115, 115, 120.43, 125.17, 123.33, 8.61, 7.74, 5.72
2, 106, 114, 116, 120.37, 125.12, 123.30, 8.64, 7.75, 5.73
2, 113, 119, 120, 120.33, 125.10, 123.29, 8.63, 7.75, 5.72
2, 118, 124, 123, 120.32, 125.09, 123.29, 8.62, 7.73, 5.71
2, 117, 123, 122, 120.31, 125.08, 123.28, 8.60, 7.72, 5.69
2, 108, 116, 117, 120.26, 125.04, 123.25, 8.62, 7.72, 5.70
2, 105, 114, 115, 120.19, 125.00, 123.22, 8.66, 7.74, 5.71
2, 107, 113, 116, 120.14, 124.94, 123.19, 8.68, 7.76, 5.72
2, 109, 114, 117, 120.09, 124.90, 123.16, 8.70, 7.78, 5.72
2, 112, 116, 119, 120.05, 124.86, 123.14, 8.69, 7.78, 5.71
2, 114, 119, 121, 120.03, 124.84, 123.13, 8.68, 7.78, 5.70
2, 109, 113, 117, 119.98, 124.79, 123.11, 8.69, 7.80, 5.70
2, 109, 113, 117, 119.94, 124.74, 123.08, 8.71, 7.82, 5.71
2, 112, 115, 120, 119.90, 124.70, 123.07, 8.70, 7.83, 5.70
2, 115, 118, 121, 119.88, 124.67, 123.06, 8.69, 7.82, 5.69
2, 115, 117, 119, 119.86, 124.64, 123.05, 8.68, 7.82, 5.68
2, 110, 113, 114, 119.82, 124.59, 123.01, 8.68, 7.84, 5.70
2, 105, 109, 111, 119.76, 124.53, 122.96, 8.72, 7.89, 5.74
2, 105, 109, 112, 119.70, 124.46, 122.91, 8.75, 7.93, 5.77
2, 106, 112, 114, 119.65, 124.41, 122.88, 8.78, 7.96, 5.79
2, 110, 116, 117, 119.61, 124.38, 122.85, 8.78, 7.96, 5.79
2, 114, 120, 119, 119.59, 124.36, 122.84, 8.77, 7.95, 5.78
2, 114, 121, 119, 119.56, 124.35, 122.82, 8.76, 7.94, 5.77
2, 112, 115, 116, 119.53, 124.31, 122.80, 8.75, 7.94, 5.78
2, 109, 113, 114, 119.49, 124.27, 122.76, 8.76, 7.96, 5.79
2, 109, 112, 113, 119.45, 124.22, 122.72, 8.77, 7.98, 5.81
2, 112, 117, 116, 119.42, 124.19, 122.70, 8.76, 7.98, 5.82
2, 113, 120, 117, 119.40, 124.17, 122.67, 8.76, 7.97, 5.82
2, 107, 116, 113, 119.35, 124.14, 122.64, 8.77, 7.97, 5.84
2, 104, 114, 111, 119.29, 124.10, 122.59, 8.81, 7.98, 5.87
2, 106, 113, 114, 119.24, 124.06, 122.56, 8.83, 7.99, 5.88
2, 108, 114, 116, 119.19, 124.02, 122.53, 8.84, 8.00, 5.89
2, 110, 115, 117, 119.16, 123.98, 122.51, 8.84, 8.00, 5.89
2, 110, 114, 115, 119.12, 123.95, 122.48, 8.84, 8.01, 5.89
2, 110, 113, 114, 119.09, 123.90, 122.45, 8.84, 8.02, 5.90
2, 109, 112, 112, 119.05, 123.86, 122.41, 8.85, 8.04, 5.93
2, 106, 112, 111, 119.00, 123.81, 122.37, 8.87, 8.06, 5.96
2, 106, 113, 114, 118.95, 123.77, 122.34, 8.89, 8.07, 5.97
2, 106, 114, 116, 118.90, 123.74, 122.31, 8.91, 8.08, 5.97
2, 106, 115, 118, 118.85, 123.70, 122.30, 8.92, 8.08, 5.97
2, 106, 115, 118, 118.81, 123.67, 122.28, 8.94, 8.08, 5.96
2, 104, 113, 116, 118.75, 123.63, 122.26, 8.97, 8.10, 5.96
2, 103, 110, 114, 118.69, 123.58, 122.23, 9.01, 8.12, 5.97
2, 104, 111, 112, 118.64, 123.54, 122.19, 9.03, 8.14, 5.99
2, 107, 113, 113, 118.60, 123.50, 122.15, 9.04, 8.15, 6.01
2, 110, 115, 114, 118.56, 123.47, 122.12, 9.04, 8.16, 6.02
2, 112, 117, 115, 118.54, 123.44, 122.10, 9.03, 8.15, 6.02
2, 113, 118, 115, 118.52, 123.42, 122.07, 9.02, 8.14, 6.03
2, 112, 119, 117, 118.50, 123.41, 122.05, 9.02, 8.13, 6.02
2, 111, 119, 118, 118.47, 123.39, 122.04, 9.01, 8.12, 6.02
2, 110, 118, 119, 118.44, 123.37, 122.03, 9.01, 8.11, 6.01
2, 109, 115, 118, 118.41, 123.34, 122.01, 9.01, 8.11, 6.00
2, 109, 115, 118, 118.37, 123.31, 122.00, 9.01, 8.11, 6.00
2, 109, 116, 120, 118.34, 123.28, 121.99, 9.01, 8.11, 5.99
2, 107, 116, 119, 118.30, 123.26, 121.98, 9.02, 8.11, 5.98
2, 101, 112, 115, 118.24, 123.22, 121.96, 9.06, 8.12, 5.98
2, 97, 109, 112, 118.16, 123.17, 121.92, 9.14, 8.15, 6.00
2, 99, 109, 113, 118.09, 123.12, 121.89, 9.19, 8.18, 6.01
2, 99, 107, 111, 118.03, 123.06, 121.85, 9.24, 8.22, 6.04
2, 100, 107, 111, 117.97, 123.01, 121.82, 9.29, 8.26, 6.06
2, 103, 109, 113, 117.91, 122.96, 121.78, 9.31, 8.29, 6.07
2, 109, 114, 118, 117.88, 122.93, 121.77, 9.31, 8.29, 6.07
2, 117, 122, 125, 117.88, 122.92, 121.78, 9.30, 8.28, 6.06
2, 123, 128, 129, 117.90, 122.94, 121.81, 9.29, 8.27, 6.06
2, 123, 128, 128, 117.91, 122.96, 121.83, 9.27, 8.26, 6.06
2, 117, 122, 124, 117.91, 122.96, 121.84, 9.26, 8.24, 6.05
2, 113, 119, 122, 117.89, 122.94, 121.84, 9.25, 8.23, 6.04
2, 112, 119, 124, 117.87, 122.93, 121.84, 9.24, 8.22, 6.03
2, 111, 118, 124, 117.85, 122.91, 121.85, 9.23, 8.21, 6.03
2, 109, 115, 122, 117.82, 122.89, 121.85, 9.23, 8.21, 6.02
2, 109, 113, 120, 117.79, 122.85, 121.85, 9.23, 8.22, 6.01
2, 110, 113, 119, 117.77, 122.82, 121.84, 9.22, 8.22, 6.00
2, 113, 116, 121, 117.75, 122.80, 121.83, 9.21, 8.22, 5.99
2, 117, 120, 123, 117.75, 122.79, 121.84, 9.20, 8.21, 5.98
2, 116, 120, 121, 117.74, 122.78, 121.83, 9.18, 8.20, 5.97
2, 115, 121, 121, 117.73, 122.77, 121.83, 9.17, 8.18, 5.96
2, 118, 125, 125, 117.73, 122.78, 121.84, 9.15, 8.17, 5.95
2, 122, 130, 130, 117.75, 122.80, 121.87, 9.14, 8.17, 5.96
2, 123, 130, 132, 117.76, 122.83, 121.90, 9.13, 8.16, 5.98
2, 120, 123, 127, 117.77, 122.83, 121.92, 9.12, 8.15, 5.98
2, 120, 124, 126, 117.78, 122.83, 121.93, 9.10, 8.14, 5.97
2, 117, 121, 122, 117.78, 122.83, 121.93, 9.09, 8.13, 5.96
2, 117, 121, 124, 117.77, 122.82, 121.94, 9.07, 8.11, 5.95
2, 119, 124, 125, 117.78, 122.82, 121.95, 9.06, 8.10, 5.95
2, 124, 129, 130, 117.80, 122.84, 121.97, 9.05, 8.09, 5.95
2, 131, 135, 135, 117.84, 122.88, 122.02, 9.07, 8.11, 5.99
2, 132, 134, 136, 117.89, 122.92, 122.06, 9.09, 8.12, 6.03
2, 127, 131, 132, 117.91, 122.94, 122.09, 9.09, 8.12, 6.05
2, 125, 130, 130, 117.94, 122.97, 122.12, 9.08, 8.12, 6.06
2, 124, 130, 130, 117.96, 122.99, 122.14, 9.08, 8.12, 6.06
2, 129, 134, 133, 117.99, 123.02, 122.18, 9.08, 8.13, 6.08
2, 138, 143, 140, 118.05, 123.08, 122.23, 9.14, 8.19, 6.15
2, 143, 146, 142, 118.13, 123.16, 122.29, 9.23, 8.28, 6.24
2, 151, 153, 146, 118.23, 123.25, 122.37, 9.39, 8.43, 6.37
2, 144, 147, 137, 118.31, 123.32, 122.41, 9.49, 8.52, 6.42
2, 121, 125, 115, 118.32, 123.33, 122.39, 9.48, 8.51, 6.42
2, 112, 117, 113, 118.30, 123.31, 122.36, 9.47, 8.50, 6.43
2, 108, 115, 113, 118.27, 123.28, 122.33, 9.47, 8.50, 6.44
2, 107, 116, 115, 118.24, 123.26, 122.31, 9.48, 8.50, 6.44
2, 104, 113, 113, 118.19, 123.23, 122.28, 9.49, 8.50, 6.45
2, 103, 111, 112, 118.15, 123.19, 122.25, 9.52, 8.52, 6.47
2, 101, 107, 112, 118.09, 123.14, 122.22, 9.55, 8.55, 6.48
2, 100, 106, 113, 118.04, 123.09, 122.19, 9.59, 8.59, 6.49
2, 99, 106, 113, 117.98, 123.04, 122.16, 9.63, 8.63, 6.50
2, 98, 106, 112, 117.92, 122.99, 122.13, 9.68, 8.67, 6.52
2, 95, 104, 109, 117.85, 122.93, 122.09, 9.74, 8.72, 6.55
2, 94, 105, 110, 117.78, 122.88, 122.06, 9.82, 8.76, 6.57
2, 92, 105, 109, 117.70, 122.82, 122.02, 9.90, 8.80, 6.60
2, 89, 103, 106, 117.62, 122.76, 121.97, 10.01, 8.85, 6.65
2, 88, 101, 104, 117.53, 122.70, 121.92, 10.13, 8.92, 6.71
2, 91, 103, 104, 117.45, 122.64, 121.86, 10.21, 8.97, 6.77
2, 95, 106, 107, 117.39, 122.59, 121.82, 10.27, 9.00, 6.81
2, 101, 110, 111, 117.34, 122.56, 121.79, 10.29, 9.01, 6.82
2, 102, 110, 113, 117.29, 122.52, 121.76, 10.31, 9.03, 6.83
2, 97, 105, 111, 117.23, 122.47, 121.73, 10.35, 9.06, 6.85
2, 91, 100, 108, 117.16, 122.40, 121.69, 10.44, 9.13, 6.88
2, 92, 101, 110, 117.08, 122.34, 121.66, 10.51, 9.19, 6.89
2, 96, 106, 115, 117.02, 122.29, 121.64, 10.55, 9.22, 6.89
2, 99, 108, 118, 116.97, 122.25, 121.63, 10.58, 9.24, 6.89
2, 100, 109, 118, 116.92, 122.21, 121.62, 10.61, 9.25, 6.88
2, 101, 110, 117, 116.88, 122.18, 121.60, 10.63, 9.26, 6.87
2, 102, 109, 117, 116.83, 122.14, 121.59, 10.64, 9.27, 6.87
2, 103, 109, 116, 116.79, 122.10, 121.57, 10.65, 9.29, 6.86
2, 106, 111, 117, 116.76, 122.07, 121.56, 10.65, 9.29, 6.86
2, 107, 114, 116, 116.74, 122.05, 121.55, 10.65, 9.29, 6.86
2, 108, 114, 116, 116.71, 122.03, 121.53, 10.64, 9.29, 6.85
2, 106, 112, 116, 116.68, 122.00, 121.51, 10.65, 9.29, 6.85
2, 106, 111, 116, 116.65, 121.97, 121.50, 10.65, 9.29, 6.85
2, 105, 110, 116, 116.62, 121.93, 121.48, 10.65, 9.30, 6.84
2, 105, 109, 116, 116.59, 121.90, 121.47, 10.65, 9.31, 6.84
2, 107, 111, 115, 116.56, 121.87, 121.45, 10.65, 9.32, 6.84
2, 114, 118, 120, 116.55, 121.86, 121.45, 10.63, 9.31, 6.83
2, 120, 123, 124, 116.56, 121.86, 121.45, 10.62, 9.30, 6.82
2, 121, 124, 125, 116.57, 121.86, 121.46, 10.61, 9.28, 6.81
2, 120, 122, 124, 116.58, 121.86, 121.47, 10.60, 9.27, 6.81
2, 118, 119, 122, 116.59, 121.86, 121.47, 10.58, 9.26, 6.80
2, 117, 119, 120, 116.59, 121.85, 121.47, 10.57, 9.25, 6.79
2, 116, 118, 118, 116.59, 121.84, 121.46, 10.55, 9.24, 6.78
2, 129, 132, 128, 116.62, 121.87, 121.48, 10.56, 9.24, 6.78
2, 141, 146, 139, 116.69, 121.93, 121.52, 10.62, 9.31, 6.83
2, 135, 142, 136, 116.74, 121.99, 121.56, 10.65, 9.36, 6.86
2, 107, 116, 115, 116.71, 121.97, 121.54, 10.65, 9.35, 6.86
2, 80, 89, 97, 116.61, 121.88, 121.48, 10.80, 9.49, 6.97
2, 63, 75, 87, 116.47, 121.75, 121.39, 11.14, 9.79, 7.19
3, 131, 133, 126, 255.00, 255.00, 255.00, 50.00, 50.00, 50.00
3, 139, 139, 131, 255.00, 255.00, 255.00, 50.00, 50.00, 50.00
3, 146, 146, 135, 255.00, 255.00, 255.00, 50.00, 50.00, 50.00
3, 150, 149, 137, 255.00, 255.00, 255.00, 50.00, 50.00, 50.00
3, 152, 151, 139, 255.00, 255.00, 255.00, 50.00, 50.00, 50.00
3, 151, 151, 140, 144.83, 144.83, 134.67, 8.28, 7.33, 5.32
3, 146, 147, 137, 145.00, 145.14, 135.00, 7.57, 6.74, 4.93
3, 143, 145, 136, 144.75, 145.12, 135.12, 7.05, 6.24, 4.58
3, 137, 141, 133, 143.89, 144.67, 134.89, 7.08, 6.00, 4.34
3, 131, 135, 129, 142.60, 143.70, 134.30, 7.82, 6.43, 4.50
3, 131, 134, 129, 141.55, 142.82, 133.82, 8.20, 6.76, 4.56
3, 132, 133, 128, 140.75, 142.00, 133.33, 8.29, 7.05, 4.66
3, 132, 134, 129, 140.08, 141.38, 133.00, 8.30, 7.10, 4.62
3, 130, 131, 127, 139.36, 140.64, 132.57, 8.42, 7.37, 4.72
3, 130, 131, 126, 138.73, 140.00, 132.13, 8.46, 7.52, 4.85
3, 133, 133, 129, 138.38, 139.56, 131.94, 8.30, 7.47, 4.75
3, 133, 133, 129, 138.06, 139.18, 131.76, 8.14, 7.41, 4.66
3, 135, 136, 132, 137.89, 139.00, 131.78, 7.93, 7.23, 4.52
3, 133, 136, 133, 137.63, 138.84, 131.84, 7.79, 7.06, 4.40
3, 127, 132, 130, 137.10, 138.50, 131.75, 7.95, 7.04, 4.30
3, 121, 129, 126, 136.33, 138.05, 131.48, 8.50, 7.17, 4.38
3, 118, 126, 125, 135.50, 137.50, 131.18, 9.17, 7.45, 4.49
3, 120, 128, 127, 134.83, 137.09, 131.00, 9.53, 7.54, 4.47
3, 124, 129, 128, 134.38, 136.75, 130.88, 9.58, 7.56, 4.42
3, 126, 129, 127, 134.04, 136.44, 130.72, 9.52, 7.56, 4.39
3, 130, 132, 128, 133.88, 136.27, 130.62, 9.37, 7.46, 4.34
3, 132, 134, 131, 133.81, 136.19, 130.63, 9.19, 7.33, 4.25
3, 127, 133, 129, 133.57, 136.07, 130.57, 9.11, 7.22, 4.18
3, 123, 132, 129, 133.21, 135.93, 130.52, 9.16, 7.13, 4.12
3, 116, 126, 125, 132.63, 135.60, 130.33, 9.53, 7.23, 4.17
3, 118, 127, 125, 132.16, 135.32, 130.16, 9.73, 7.28, 4.21
3, 118, 125, 122, 131.72, 135.00, 129.91, 9.90, 7.39, 4.39
3, 119, 125, 121, 131.33, 134.70, 129.64, 9.99, 7.48, 4.59
3, 123, 127, 124, 131.09, 134.47, 129.47, 9.94, 7.48, 4.62
3, 126, 129, 126, 130.94, 134.31, 129.37, 9.83, 7.43, 4.59
3, 120, 123, 120, 130.64, 134.00, 129.11, 9.86, 7.56, 4.79
3, 117, 120, 117, 130.27, 133.62, 128.78, 9.98, 7.80, 5.12
3, 120, 122, 122, 130.00, 133.32, 128.61, 9.98, 7.92, 5.17
3, 121, 124, 123, 129.77, 133.08, 128.46, 9.95, 7.96, 5.18
3, 121, 124, 126, 129.55, 132.85, 128.40, 9.92, 7.99, 5.13
3, 120, 125, 126, 129.32, 132.66, 128.34, 9.91, 7.98, 5.08
3, 113, 118, 121, 128.93, 132.31, 128.17, 10.11, 8.20, 5.14
3, 113, 118, 120, 128.56, 131.98, 127.98, 10.28, 8.39, 5.23
3, 113, 118, 119, 128.20, 131.66, 127.77, 10.42, 8.56, 5.34
3, 117, 122, 120, 127.96, 131.44, 127.60, 10.44, 8.58, 5.41
3, 123, 128, 124, 127.85, 131.37, 127.52, 10.35, 8.50, 5.37
3, 123, 128, 125, 127.74, 131.30, 127.47, 10.26, 8.42, 5.33
3, 116, 121, 118, 127.50, 131.08, 127.27, 10.29, 8.46, 5.45
3, 112, 115, 114, 127.18, 130.76, 127.00, 10.42, 8.68, 5.71
3, 115, 118, 115, 126.94, 130.50, 126.76, 10.46, 8.78, 5.90
3, 115, 118, 115, 126.71, 130.25, 126.53, 10.49, 8.87, 6.07
3, 114, 117, 116, 126.46, 130.00, 126.33, 10.53, 8.97, 6.19
3, 110, 114, 114, 126.15, 129.70, 126.09, 10.67, 9.15, 6.36
3, 107, 111, 112, 125.80, 129.35, 125.83, 10.89, 9.42, 6.58
3, 106, 110, 111, 125.44, 129.00, 125.56, 11.11, 9.69, 6.82
3, 108, 113, 112, 125.12, 128.71, 125.32, 11.25, 9.83, 7.00
3, 111, 115, 115, 124.88, 128.47, 125.14, 11.31, 9.91, 7.07
3, 112, 117, 115, 124.66, 128.28, 124.97, 11.34, 9.94, 7.13
3, 113, 117, 115, 124.46, 128.08, 124.80, 11.34, 9.96, 7.19
3, 116, 120, 116, 124.32, 127.95, 124.65, 11.30, 9.93, 7.22
3, 121, 123, 121, 124.26, 127.87, 124.59, 11.21, 9.87, 7.17
3, 124, 126, 122, 124.26, 127.84, 124.55, 11.12, 9.79, 7.12
3, 127, 130, 126, 124.30, 127.87, 124.57, 11.03, 9.72, 7.06
3, 127, 130, 127, 124.34, 127.91, 124.61, 10.95, 9.64, 7.01
3, 124, 126, 124, 124.34, 127.88, 124.60, 10.86, 9.57, 6.96
3, 119, 123, 122, 124.26, 127.80, 124.56, 10.80, 9.51, 6.91
3, 117, 122, 122, 124.15, 127.72, 124.52, 10.76, 9.47, 6.87
3, 116, 123, 124, 124.03, 127.65, 124.51, 10.72, 9.42, 6.82
3, 116, 125, 125, 123.91, 127.61, 124.52, 10.68, 9.35, 6.77
3, 118, 127, 125, 123.83, 127.60, 124.53, 10.63, 9.28, 6.72
3, 121, 129, 127, 123.79, 127.62, 124.56, 10.56, 9.22, 6.68
3, 122, 130, 128, 123.76, 127.65, 124.61, 10.49, 9.16, 6.64
3, 123, 129, 128, 123.75, 127.67, 124.66, 10.41, 9.10, 6.61
3, 123, 128, 127, 123.74, 127.68, 124.69, 10.34, 9.03, 6.57
3, 121, 126, 125, 123.71, 127.65, 124.69, 10.28, 8.97, 6.52
3, 119, 122, 120, 123.64, 127.58, 124.63, 10.22, 8.94, 6.50
3, 119, 122, 119, 123.58, 127.51, 124.56, 10.17, 8.90, 6.49
3, 116, 121, 118, 123.49, 127.42, 124.47, 10.14, 8.87, 6.49
3, 114, 122, 120, 123.37, 127.35, 124.42, 10.13, 8.84, 6.47
3, 114, 123, 122, 123.25, 127.30, 124.39, 10.12, 8.79, 6.43
3, 114, 122, 123, 123.14, 127.23, 124.37, 10.11, 8.76, 6.39
3, 117, 121, 122, 123.06, 127.16, 124.34, 10.07, 8.73, 6.36
3, 121, 122, 125, 123.04, 127.10, 124.35, 10.01, 8.70, 6.32
3, 118, 120, 121, 122.98, 127.01, 124.31, 9.97, 8.68, 6.29
3, 116, 119, 119, 122.89, 126.92, 124.25, 9.94, 8.67, 6.28
3, 115, 119, 118, 122.80, 126.83, 124.17, 9.91, 8.66, 6.28
3, 117, 121, 118, 122.74, 126.76, 124.10, 9.88, 8.63, 6.28
3, 124, 126, 123, 122.75, 126.75, 124.09, 9.82, 8.59, 6.25
3, 128, 129, 126, 122.81, 126.78, 124.11, 9.78, 8.54, 6.21
3, 127, 128, 126, 122.86, 126.79, 124.13, 9.73, 8.49, 6.18
3, 121, 124, 119, 122.84, 126.76, 124.08, 9.68, 8.45, 6.17
3, 118, 121, 117, 122.78, 126.70, 124.00, 9.64, 8.43, 6.18
3, 118, 121, 118, 122.73, 126.63, 123.94, 9.60, 8.40, 6.18
3, 120, 122, 120, 122.70, 126.59, 123.89, 9.55, 8.37, 6.16
3, 121, 125, 121, 122.68, 126.57, 123.86, 9.51, 8.33, 6.13
3, 121, 125, 121, 122.67, 126.55, 123.83, 9.46, 8.28, 6.11
3, 118, 123, 119, 122.62, 126.52, 123.78, 9.42, 8.25, 6.10
3, 114, 119, 117, 122.53, 126.44, 123.71, 9.41, 8.24, 6.10
3, 112, 116, 116, 122.42, 126.33, 123.64, 9.42, 8.26, 6.12
3, 114, 118, 117, 122.34, 126.25, 123.57, 9.41, 8.27, 6.13
3, 117, 121, 121, 122.29, 126.20, 123.54, 9.38, 8.24, 6.10
3, 122, 125, 126, 122.28, 126.19, 123.57, 9.33, 8.20, 6.07
3, 124, 126, 128, 122.30, 126.18, 123.61, 9.29, 8.16, 6.06
3, 122, 124, 126, 122.30, 126.16, 123.63, 9.24, 8.12, 6.04
3, 122, 123, 125, 122.30, 126.13, 123.65, 9.20, 8.09, 6.01
3, 125, 126, 127, 122.32, 126.13, 123.68, 9.16, 8.05, 5.99
3, 129, 130, 130, 122.38, 126.17, 123.74, 9.14, 8.02, 5.99
3, 127, 129, 128, 122.43, 126.19, 123.78, 9.11, 7.99, 5.98
3, 117, 122, 119, 122.38, 126.16, 123.73, 9.08, 7.96, 5.97
3, 108, 113, 113, 122.25, 126.04, 123.64, 9.14, 8.02, 6.03
3, 107, 113, 115, 122.11, 125.92, 123.56, 9.21, 8.08, 6.06
3, 109, 115, 117, 121.99, 125.82, 123.50, 9.26, 8.11, 6.06
3, 112, 118, 120, 121.90, 125.75, 123.47, 9.26, 8.11, 6.04
3, 112, 118, 120, 121.82, 125.68, 123.44, 9.27, 8.11, 6.02
3, 110, 116, 119, 121.71, 125.60, 123.40, 9.29, 8.12, 6.01
3, 108, 115, 118, 121.59, 125.51, 123.35, 9.34, 8.14, 6.01
3, 106, 113, 116, 121.46, 125.40, 123.29, 9.41, 8.19, 6.02
3, 102, 111, 113, 121.30, 125.28, 123.20, 9.54, 8.26, 6.07
3, 101, 110, 111, 121.13, 125.15, 123.10, 9.68, 8.35, 6.14
3, 106, 114, 116, 121.00, 125.06, 123.04, 9.74, 8.37, 6.15
3, 115, 123, 125, 120.95, 125.04, 123.06, 9.71, 8.34, 6.13
3, 120, 126, 129, 120.94, 125.05, 123.11, 9.67, 8.31, 6.13
3, 117, 123, 125, 120.91, 125.03, 123.12, 9.64, 8.27, 6.11
3, 111, 117, 119, 120.83, 124.97, 123.09, 9.64, 8.27, 6.09
3, 108, 114, 115, 120.73, 124.88, 123.02, 9.67, 8.30, 6.11
3, 109, 115, 116, 120.63, 124.80, 122.97, 9.69, 8.31, 6.12
3, 113, 119, 120, 120.57, 124.76, 122.94, 9.67, 8.29, 6.10
3, 112, 120, 118, 120.51, 124.72, 122.91, 9.66, 8.27, 6.09
3, 111, 119, 116, 120.43, 124.67, 122.85, 9.66, 8.25, 6.10
3, 110, 117, 114, 120.35, 124.62, 122.78, 9.67, 8.25, 6.12
3, 111, 118, 116, 120.28, 124.56, 122.73, 9.67, 8.24, 6.13
3, 115, 121, 119, 120.24, 124.54, 122.70, 9.64, 8.21, 6.11
3, 119, 123, 124, 120.23, 124.53, 122.71, 9.60, 8.18, 6.09
3, 123, 126, 127, 120.25, 124.54, 122.75, 9.57, 8.15, 6.08
3, 127, 129, 132, 120.30, 124.57, 122.81, 9.55, 8.13, 6.11
3, 130, 133, 136, 120.38, 124.63, 122.91, 9.55, 8.13, 6.19
3, 133, 136, 139, 120.47, 124.72, 123.03, 9.58, 8.16, 6.32
3, 128, 131, 135, 120.52, 124.76, 123.12, 9.57, 8.15, 6.38
3, 124, 128, 130, 120.55, 124.78, 123.17, 9.54, 8.12, 6.38
3, 123, 128, 129, 120.56, 124.81, 123.21, 9.50, 8.10, 6.38
3, 122, 127, 128, 120.57, 124.82, 123.24, 9.47, 8.07, 6.37
3, 114, 119, 120, 120.53, 124.78, 123.22, 9.45, 8.06, 6.35
3, 107, 112, 113, 120.43, 124.69, 123.15, 9.49, 8.10, 6.39
3, 107, 112, 113, 120.34, 124.60, 123.08, 9.52, 8.14, 6.42
3, 108, 113, 114, 120.26, 124.52, 123.01, 9.54, 8.17, 6.44
3, 110, 115, 116, 120.18, 124.46, 122.97, 9.55, 8.18, 6.44
3, 110, 116, 117, 120.12, 124.40, 122.93, 9.55, 8.18, 6.44
3, 111, 117, 118, 120.05, 124.35, 122.89, 9.55, 8.18, 6.43
3, 112, 119, 120, 120.00, 124.32, 122.87, 9.54, 8.16, 6.42
3, 114, 120, 122, 119.96, 124.29, 122.87, 9.52, 8.14, 6.39
3, 119, 123, 124, 119.95, 124.28, 122.87, 9.49, 8.12, 6.37
3, 128, 131, 132, 120.01, 124.32, 122.93, 9.48, 8.11, 6.40
3, 128, 132, 129, 120.06, 124.37, 122.97, 9.47, 8.10, 6.39
3, 126, 129, 127, 120.10, 124.40, 123.00, 9.45, 8.09, 6.38
3, 120, 123, 121, 120.10, 124.39, 122.99, 9.42, 8.06, 6.36
3, 117, 120, 120, 120.08, 124.37, 122.97, 9.39, 8.04, 6.35
3, 116, 119, 118, 120.05, 124.33, 122.94, 9.37, 8.03, 6.34
3, 119, 121, 123, 120.04, 124.31, 122.94, 9.34, 8.01, 6.32
3, 118, 120, 124, 120.03, 124.28, 122.94, 9.31, 7.99, 6.30
3, 117, 119, 122, 120.01, 124.25, 122.94, 9.28, 7.97, 6.28
3, 117, 118, 123, 119.99, 124.21, 122.94, 9.26, 7.96, 6.26
3, 119, 120, 125, 119.99, 124.19, 122.95, 9.23, 7.95, 6.24
3, 121, 122, 125, 119.99, 124.17, 122.96, 9.20, 7.92, 6.22
3, 120, 123, 125, 119.99, 124.16, 122.98, 9.17, 7.90, 6.21
3, 118, 121, 122, 119.98, 124.15, 122.97, 9.15, 7.88, 6.19
3, 116, 121, 121, 119.96, 124.13, 122.96, 9.12, 7.86, 6.17
3, 114, 121, 121, 119.92, 124.11, 122.95, 9.11, 7.84, 6.15
3, 114, 120, 120, 119.89, 124.08, 122.93, 9.09, 7.82, 6.14
3, 115, 121, 120, 119.86, 124.07, 122.91, 9.07, 7.80, 6.13
3, 115, 121, 120, 119.83, 124.05, 122.89, 9.05, 7.78, 6.11
3, 109, 116, 115, 119.77, 124.00, 122.85, 9.07, 7.78, 6.12
3, 104, 112, 112, 119.67, 123.93, 122.78, 9.12, 7.82, 6.16
3, 101, 111, 111, 119.57, 123.86, 122.72, 9.20, 7.85, 6.21
3, 100, 110, 111, 119.45, 123.78, 122.65, 9.29, 7.90, 6.25
3, 102, 110, 111, 119.35, 123.70, 122.58, 9.36, 7.95, 6.30
3, 103, 109, 111, 119.26, 123.61, 122.52, 9.42, 8.00, 6.34
3, 102, 110, 111, 119.16, 123.54, 122.45, 9.48, 8.04, 6.38
3, 104, 111, 113, 119.08, 123.47, 122.40, 9.52, 8.08, 6.40
3, 106, 112, 114, 119.01, 123.40, 122.35, 9.54, 8.10, 6.42
3, 109, 115, 115, 118.95, 123.36, 122.31, 9.55, 8.10, 6.42
3, 109, 114, 116, 118.90, 123.30, 122.28, 9.55, 8.11, 6.42
3, 112, 118, 119, 118.86, 123.27, 122.26, 9.53, 8.10, 6.41
3, 109, 117, 117, 118.80, 123.24, 122.23, 9.54, 8.09, 6.40
3, 103, 111, 113, 118.72, 123.17, 122.18, 9.58, 8.11, 6.42
3, 99, 107, 110, 118.61, 123.09, 122.11, 9.66, 8.18, 6.47
3, 99, 107, 111, 118.51, 123.00, 122.05, 9.74, 8.24, 6.50
3, 101, 110, 115, 118.41, 122.93, 122.02, 9.80, 8.27, 6.50
3, 101, 111, 117, 118.32, 122.87, 121.99, 9.86, 8.30, 6.49
3, 101, 111, 117, 118.23, 122.80, 121.96, 9.91, 8.32, 6.49
3, 103, 112, 117, 118.15, 122.75, 121.94, 9.95, 8.34, 6.48
3, 108, 117, 120, 118.09, 122.72, 121.93, 9.95, 8.32, 6.46
3, 113, 122, 124, 118.07, 122.71, 121.94, 9.93, 8.30, 6.45
3, 112, 122, 123, 118.04, 122.71, 121.94, 9.91, 8.28, 6.43
3, 108, 117, 119, 117.98, 122.68, 121.93, 9.91, 8.27, 6.42
3, 113, 121, 122, 117.96, 122.67, 121.93, 9.89, 8.25, 6.40
3, 117, 125, 125, 117.95, 122.68, 121.94, 9.87, 8.23, 6.39
3, 120, 126, 126, 117.96, 122.70, 121.96, 9.85, 8.21, 6.38
3, 118, 123, 124, 117.96, 122.70, 121.97, 9.82, 8.19, 6.37
3, 122, 127, 128, 117.98, 122.72, 122.01, 9.80, 8.18, 6.36
3, 120, 125, 125, 118.00, 122.73, 122.02, 9.78, 8.16, 6.35
3, 112, 118, 119, 117.97, 122.71, 122.00, 9.76, 8.14, 6.34
3, 117, 124, 124, 117.96, 122.72, 122.01, 9.74, 8.12, 6.33
3, 114, 123, 124, 117.94, 122.72, 122.02, 9.72, 8.10, 6.31
3, 117, 126, 127, 117.94, 122.74, 122.05, 9.69, 8.09, 6.31
3, 116, 126, 126, 117.93, 122.75, 122.07, 9.67, 8.07, 6.30
3, 117, 126, 127, 117.92, 122.77, 122.09, 9.65, 8.05, 6.29
3, 118, 125, 126, 117.92, 122.78, 122.11, 9.62, 8.04, 6.28
3, 116, 121, 121, 117.91, 122.77, 122.11, 9.60, 8.02, 6.27
3, 123, 128, 124, 117.94, 122.79, 122.11, 9.58, 8.01, 6.25
3, 129, 133, 130, 117.99, 122.84, 122.15, 9.59, 8.02, 6.26
3, 126, 130, 128, 118.03, 122.88, 122.18, 9.58, 8.01, 6.26
3, 125, 128, 125, 118.06, 122.90, 122.19, 9.57, 8.00, 6.25
3, 130, 132, 127, 118.12, 122.94, 122.22, 9.59, 8.01, 6.24
3, 140, 142, 135, 118.22, 123.03, 122.28, 9.68, 8.10, 6.29
3, 142, 143, 136, 118.33, 123.13, 122.34, 9.79, 8.19, 6.34
3, 129, 132, 132, 118.38, 123.17, 122.38, 9.80, 8.19, 6.36
3, 142, 144, 141, 118.49, 123.26, 122.47, 9.90, 8.30, 6.47
3, 142, 142, 139, 118.60, 123.35, 122.55, 10.01, 8.37, 6.55
3, 150, 150, 146, 118.74, 123.47, 122.65, 10.21, 8.55, 6.73
3, 153, 152, 148, 118.90, 123.60, 122.77, 10.44, 8.74, 6.93
3, 139, 139, 135, 118.99, 123.67, 122.82, 10.51, 8.78, 6.96
3, 129, 129, 126, 119.03, 123.69, 122.84, 10.51, 8.77, 6.95
3, 128, 130, 125, 119.07, 123.72, 122.85, 10.50, 8.76, 6.93
3, 130, 133, 129, 119.12, 123.76, 122.88, 10.50, 8.76, 6.93
3, 126, 129, 125, 119.15, 123.79, 122.88, 10.49, 8.75, 6.91
3, 118, 120, 118, 119.15, 123.77, 122.86, 10.46, 8.73, 6.91
3, 109, 111, 113, 119.10, 123.71, 122.82, 10.46, 8.76, 6.92
3, 108, 109, 112, 119.05, 123.65, 122.77, 10.47, 8.79, 6.94
3, 112, 114, 116, 119.02, 123.61, 122.74, 10.45, 8.79, 6.94
3, 111, 114, 116, 118.99, 123.57, 122.71, 10.44, 8.80, 6.94
3, 113, 119, 118, 118.96, 123.55, 122.69, 10.43, 8.78, 6.93
3, 109, 116, 115, 118.92, 123.51, 122.66, 10.43, 8.78, 6.94
3, 111, 118, 117, 118.88, 123.49, 122.64, 10.42, 8.77, 6.93
3, 107, 114, 114, 118.83, 123.45, 122.60, 10.42, 8.77, 6.94
3, 106, 113, 113, 118.78, 123.40, 122.56, 10.44, 8.78, 6.95
3, 104, 112, 111, 118.72, 123.36, 122.51, 10.46, 8.79, 6.98
3, 105, 113, 113, 118.66, 123.31, 122.47, 10.47, 8.80, 6.99
3, 107, 116, 115, 118.61, 123.28, 122.44, 10.48, 8.79, 7.00
3, 106, 115, 113, 118.56, 123.25, 122.40, 10.49, 8.79, 7.01
3, 105, 114, 112, 118.50, 123.21, 122.35, 10.50, 8.79, 7.02
3, 108, 114, 113, 118.46, 123.17, 122.32, 10.50, 8.79, 7.04
3, 110, 115, 115, 118.42, 123.14, 122.29, 10.49, 8.79, 7.04
3, 107, 113, 113, 118.37, 123.09, 122.25, 10.50, 8.80, 7.05
3, 101, 108, 107, 118.30, 123.03, 122.18, 10.54, 8.83, 7.10
3, 97, 106, 104, 118.22, 122.96, 122.11, 10.60, 8.88, 7.18
3, 98, 106, 105, 118.13, 122.89, 122.04, 10.66, 8.93, 7.25
3, 99, 105, 106, 118.06, 122.82, 121.98, 10.71, 8.98, 7.31
3, 102, 106, 109, 117.99, 122.75, 121.92, 10.73, 9.03, 7.34
3, 106, 109, 112, 117.94, 122.70, 121.88, 10.74, 9.05, 7.35
3, 110, 112, 115, 117.91, 122.66, 121.86, 10.73, 9.06, 7.35
3, 113, 115, 119, 117.89, 122.63, 121.84, 10.71, 9.05, 7.33
3, 112, 115, 120, 117.87, 122.60, 121.84, 10.70, 9.05, 7.32
3, 108, 111, 118, 117.83, 122.55, 121.82, 10.69, 9.06, 7.31
3, 105, 109, 116, 117.78, 122.50, 121.80, 10.70, 9.08, 7.30
3, 108, 111, 117, 117.74, 122.45, 121.78, 10.70, 9.09, 7.30
3, 108, 112, 116, 117.70, 122.41, 121.76, 10.70, 9.10, 7.29
3, 104, 109, 113, 117.65, 122.36, 121.72, 10.71, 9.12, 7.30
3, 100, 109, 112, 117.58, 122.31, 121.69, 10.74, 9.14, 7.31
3, 102, 113, 116, 117.52, 122.27, 121.66, 10.77, 9.14, 7.30
3, 107, 120, 122, 117.48, 122.26, 121.67, 10.77, 9.12, 7.29
3, 112, 125, 126, 117.46, 122.27, 121.68, 10.75, 9.11, 7.28
3, 112, 124, 124, 117.44, 122.28, 121.69, 10.74, 9.09, 7.27
3, 114, 125, 124, 117.43, 122.29, 121.70, 10.72, 9.07, 7.25
3, 111, 122, 118, 117.40, 122.29, 121.69, 10.70, 9.06, 7.24
3, 108, 119, 114, 117.37, 122.28, 121.66, 10.70, 9.04, 7.25
3, 110, 120, 116, 117.34, 122.27, 121.64, 10.69, 9.03, 7.24
3, 111, 121, 119, 117.31, 122.26, 121.63, 10.68, 9.01, 7.23
3, 110, 119, 119, 117.29, 122.25, 121.62, 10.66, 8.99, 7.22
3, 109, 116, 119, 117.26, 122.23, 121.61, 10.66, 8.99, 7.21
3, 108, 116, 119, 117.22, 122.20, 121.60, 10.65, 8.98, 7.19
3, 109, 116, 119, 117.19, 122.18, 121.59, 10.64, 8.97, 7.18
3, 106, 112, 116, 117.15, 122.14, 121.57, 10.65, 8.97, 7.18
3, 107, 114, 116, 117.11, 122.11, 121.55, 10.64, 8.97, 7.17
3, 111, 118, 119, 117.09, 122.10, 121.54, 10.63, 8.96, 7.16
3, 116, 123, 124, 117.09, 122.10, 121.55, 10.61, 8.94, 7.15
3, 118, 126, 127, 117.09, 122.12, 121.57, 10.59, 8.93, 7.14
3, 116, 123, 125, 117.09, 122.12, 121.58, 10.57, 8.91, 7.13
3, 124, 130, 133, 117.11, 122.15, 121.62, 10.56, 8.91, 7.15
3, 121, 127, 131, 117.13, 122.16, 121.65, 10.55, 8.90, 7.16
3, 122, 127, 132, 117.14, 122.18, 121.69, 10.53, 8.89, 7.18
3, 121, 127, 130, 117.16, 122.20, 121.72, 10.51, 8.87, 7.18
3, 121, 127, 131, 117.17, 122.22, 121.75, 10.50, 8.86, 7.19
3, 123, 129, 132, 117.19, 122.24, 121.79, 10.49, 8.86, 7.20
3, 124, 129, 131, 117.21, 122.26, 121.82, 10.47, 8.85, 7.21
3, 125, 132, 133, 117.24, 122.30, 121.86, 10.47, 8.85, 7.23
3, 123, 129, 130, 117.26, 122.32, 121.89, 10.45, 8.85, 7.23
3, 119, 124, 125, 117.27, 122.33, 121.90, 10.44, 8.83, 7.22
3, 118, 122, 122, 117.27, 122.33, 121.90, 10.42, 8.82, 7.21
3, 118, 121, 122, 117.27, 122.32, 121.90, 10.40, 8.80, 7.20
3, 125, 128, 127, 117.30, 122.34, 121.92, 10.39, 8.79, 7.19
3, 127, 131, 129, 117.33, 122.37, 121.94, 10.39, 8.79, 7.19
3, 126, 131, 127, 117.36, 122.40, 121.96, 10.38, 8.79, 7.18
3, 131, 135, 130, 117.41, 122.44, 121.99, 10.40, 8.81, 7.19
3, 134, 139, 134, 117.47, 122.50, 122.03, 10.42, 8.85, 7.21
3, 136, 141, 138, 117.53, 122.56, 122.08, 10.46, 8.90, 7.26
3, 132, 136, 134, 117.58, 122.61, 122.12, 10.48, 8.91, 7.28
3, 131, 134, 132, 117.62, 122.65, 122.15, 10.49, 8.92, 7.29
3, 122, 124, 124, 117.64, 122.65, 122.16, 10.47, 8.91, 7.27
3, 120, 122, 123, 117.65, 122.65, 122.16, 10.46, 8.89, 7.26
3, 122, 122, 124, 117.66, 122.65, 122.17, 10.44, 8.88, 7.25
3, 121, 122, 123, 117.67, 122.64, 122.17, 10.43, 8.87, 7.24
3, 127, 130, 129, 117.70, 122.67, 122.20, 10.42, 8.86, 7.24
3, 122, 125, 124, 117.72, 122.68, 122.20, 10.41, 8.85, 7.23
3, 116, 119, 119, 117.71, 122.66, 122.19, 10.39, 8.83, 7.22
3, 115, 119, 120, 117.70, 122.65, 122.18, 10.38, 8.82, 7.21
3, 117, 123, 124, 117.70, 122.65, 122.19, 10.36, 8.81, 7.20
3, 110, 118, 120, 117.67, 122.64, 122.18, 10.35, 8.80, 7.18
3, 109, 119, 121, 117.65, 122.63, 122.18, 10.35, 8.79, 7.17
3, 106, 117, 119, 117.61, 122.61, 122.17, 10.35, 8.78, 7.16
3, 102, 113, 118, 117.56, 122.58, 122.15, 10.37, 8.78, 7.16
3, 106, 116, 120, 117.52, 122.56, 122.15, 10.38, 8.77, 7.15
3, 106, 116, 121, 117.48, 122.54, 122.14, 10.38, 8.77, 7.13
3, 111, 121, 123, 117.46, 122.53, 122.15, 10.37, 8.75, 7.12
3, 110, 120, 120, 117.44, 122.52, 122.14, 10.36, 8.74, 7.11
3, 108, 116, 117, 117.41, 122.50, 122.12, 10.36, 8.74, 7.11
3, 108, 115, 117, 117.38, 122.48, 122.11, 10.36, 8.73, 7.10
3, 110, 118, 119, 117.36, 122.46, 122.10, 10.35, 8.72, 7.09
3, 110, 118, 121, 117.33, 122.45, 122.09, 10.34, 8.71, 7.08
3, 102, 110, 113, 117.29, 122.41, 122.07, 10.36, 8.73, 7.09
3, 102, 111, 113, 117.24, 122.38, 122.04, 10.38, 8.73, 7.10
3, 105, 115, 116, 117.20, 122.35, 122.02, 10.39, 8.73, 7.09
3, 112, 122, 123, 117.18, 122.35, 122.02, 10.37, 8.72, 7.08
3, 112, 120, 124, 117.17, 122.34, 122.03, 10.36, 8.70, 7.07
3, 123, 130, 133, 117.19, 122.37, 122.06, 10.35, 8.70, 7.09
3, 133, 138, 141, 117.23, 122.42, 122.12, 10.37, 8.73, 7.15
3, 128, 132, 137, 117.27, 122.44, 122.17, 10.37, 8.73, 7.19
3, 134, 138, 141, 117.32, 122.49, 122.22, 10.40, 8.76, 7.25
3, 128, 132, 134, 117.35, 122.52, 122.26, 10.40, 8.77, 7.27
3, 116, 121, 123, 117.35, 122.52, 122.26, 10.38, 8.75, 7.26
3, 124, 130, 131, 117.37, 122.54, 122.29, 10.37, 8.75, 7.27
3, 132, 136, 140, 117.41, 122.58, 122.34, 10.39, 8.77, 7.32
3, 135, 142, 144, 117.46, 122.64, 122.41, 10.42, 8.82, 7.41
3, 111, 120, 122, 117.44, 122.63, 122.41, 10.41, 8.81, 7.39
3, 78, 88, 93, 117.33, 122.53, 122.32, 10.61, 8.99, 7.56
3, 62, 73, 83, 117.16, 122.38, 122.20, 11.02, 9.38, 7.84
